-- phpMyAdmin SQL Dump
-- version 3.5.2.2
-- http://www.phpmyadmin.net
--
-- Host: 127.0.0.1
-- Generation Time: Apr 18, 2013 at 02:55 PM
-- Server version: 5.5.27
-- PHP Version: 5.4.7

SET SQL_MODE="NO_AUTO_VALUE_ON_ZERO";
SET time_zone = "+00:00";


/*!40101 SET @OLD_CHARACTER_SET_CLIENT=@@CHARACTER_SET_CLIENT */;
/*!40101 SET @OLD_CHARACTER_SET_RESULTS=@@CHARACTER_SET_RESULTS */;
/*!40101 SET @OLD_COLLATION_CONNECTION=@@COLLATION_CONNECTION */;
/*!40101 SET NAMES utf8 */;

--
-- Database: `futuro_poskok`
--

-- --------------------------------------------------------

--
-- Table structure for table `pos_client`
--

CREATE TABLE IF NOT EXISTS `pos_client` (
  `clientid` int(11) NOT NULL AUTO_INCREMENT,
  `info` text CHARACTER SET utf8,
  `name` varchar(45) CHARACTER SET utf8 DEFAULT NULL,
  `phone` varchar(45) CHARACTER SET utf8 DEFAULT NULL,
  `email` varchar(255) CHARACTER SET utf8 NOT NULL,
  `address` varchar(100) CHARACTER SET utf8 NOT NULL,
  `contract` tinyint(1) NOT NULL,
  PRIMARY KEY (`clientid`)
) ENGINE=InnoDB  DEFAULT CHARSET=latin1 AUTO_INCREMENT=24 ;

--
-- Dumping data for table `pos_client`
--

INSERT INTO `pos_client` (`clientid`, `info`, `name`, `phone`, `email`, `address`, `contract`) VALUES
(20, 'Informacije', 'Klijent', '234234234234', '2342342', '', 0),
(23, 'Testna Informacija\r\n\r\nhttp://www.facebook.com', 'miiilen', '', '', 'Adresa stip''ća', 1);

-- --------------------------------------------------------

--
-- Table structure for table `pos_discussion_post`
--

CREATE TABLE IF NOT EXISTS `pos_discussion_post` (
  `discussionid` int(11) NOT NULL AUTO_INCREMENT,
  `userid` int(11) NOT NULL,
  `text` text,
  `projectid` int(11) DEFAULT NULL,
  PRIMARY KEY (`discussionid`)
) ENGINE=InnoDB DEFAULT CHARSET=utf8 AUTO_INCREMENT=1 ;

-- --------------------------------------------------------

--
-- Table structure for table `pos_file`
--

CREATE TABLE IF NOT EXISTS `pos_file` (
  `fileid` int(11) NOT NULL AUTO_INCREMENT,
  `filename` varchar(255) NOT NULL,
  `userid` int(11) NOT NULL,
  `datafrom` varchar(255) NOT NULL,
  `interid` int(11) NOT NULL,
  PRIMARY KEY (`fileid`)
) ENGINE=MyISAM  DEFAULT CHARSET=utf8 AUTO_INCREMENT=30 ;

--
-- Dumping data for table `pos_file`
--

INSERT INTO `pos_file` (`fileid`, `filename`, `userid`, `datafrom`, `interid`) VALUES
(29, 'ORGANIZACIJSKO RAZVOJNA.pdf', 1, 'project', 37);

-- --------------------------------------------------------

--
-- Table structure for table `pos_log`
--

CREATE TABLE IF NOT EXISTS `pos_log` (
  `newsid` int(11) NOT NULL AUTO_INCREMENT,
  `actorid` int(11) NOT NULL,
  `subjectid` int(11) NOT NULL,
  `newscode` int(11) NOT NULL,
  `additional` varchar(500) NOT NULL,
  `additional2` varchar(500) NOT NULL,
  `additional3` varchar(500) NOT NULL,
  `time` int(11) NOT NULL,
  `actiontype` int(11) NOT NULL,
  `subjecttype` varchar(20) NOT NULL,
  PRIMARY KEY (`newsid`)
) ENGINE=InnoDB  DEFAULT CHARSET=utf8 AUTO_INCREMENT=934 ;

--
-- Dumping data for table `pos_log`
--

INSERT INTO `pos_log` (`newsid`, `actorid`, `subjectid`, `newscode`, `additional`, `additional2`, `additional3`, `time`, `actiontype`, `subjecttype`) VALUES
(3, 1, 14, 3, ' asdfasdfasdf', '', '', 1359019562, 0, 'client'),
(5, 1, 16, 2, 'TestTest', '', '', 1359022819, 0, 'client'),
(6, 1, 16, 3, 'Test Test', '', '', 1359024196, 0, 'client'),
(7, 1, 17, 2, 'Marko Gržan', '', '', 1359024328, 0, 'client'),
(8, 1, 1, 1, '', '', '', 1359025857, 1, ''),
(9, 1, 1, 0, '', '', '', 1359025860, 1, ''),
(10, 1, 1, 1, '', '', '', 1359026407, 1, ''),
(11, 1, 1, 0, '', '', '', 1359026408, 1, ''),
(12, 1, 17, 3, 'Marko Gržan', '', '', 1359035584, 0, 'client'),
(13, 1, 15, 3, 'Ivan Ivković', '', '', 1359035616, 0, 'client'),
(14, 1, 18, 2, 'Ime Prezime', '', '', 1359035852, 0, 'client'),
(15, 1, 18, 3, 'Ime Prezime', '', '', 1359035873, 0, 'client'),
(16, 1, 18, 3, ' ', '', '', 1359035932, 0, 'client'),
(17, 1, 19, 2, 'adfasdf asdfasdfasd', '', '', 1359036155, 0, 'client'),
(18, 1, 19, 3, 'adfasdf asdfasdfasd', '', '', 1359036203, 0, 'client'),
(19, 1, 1, 1, '', '', '', 1359036332, 1, ''),
(20, 1, 1, 0, '', '', '', 1359036376, 1, ''),
(21, 1, 20, 2, 'asdf asdfasdfasd', '', '', 1359041808, 0, 'client'),
(22, 1, 20, 5, 'asd asdfasdfasd', '', '', 1359042407, 0, 'client'),
(23, 1, 20, 5, '4 342', '', '', 1359042418, 0, 'client'),
(24, 1, 1, 0, '', '', '', 1359101875, 1, ''),
(25, 1, 20, 5, '4 342', '', '', 1359102000, 0, 'client'),
(26, 1, 1, 5, 'Futur Interne Studio', '', '', 1359102013, 0, 'client'),
(27, 1, 1, 5, 'Futuro Internet Studio', '', '', 1359102032, 0, 'client'),
(28, 1, 20, 5, '4 342', '', '', 1359102141, 0, 'client'),
(29, 1, 21, 2, 'Test Client', '', '', 1359102411, 0, 'client'),
(30, 1, 22, 2, 'Test Client', '', '', 1359102434, 0, 'client'),
(31, 1, 23, 2, 'Test Client', '', '', 1359102440, 0, 'client'),
(32, 1, 23, 3, 'Test Client', '', '', 1359102452, 0, 'client'),
(33, 1, 22, 3, 'Test Client', '', '', 1359102455, 0, 'client'),
(34, 1, 1, 1, '', '', '', 1359114053, 1, ''),
(35, 1, 1, 0, '', '', '', 1359114054, 1, ''),
(36, 1, 1, 5, 'Futuro Internet Studio', '', '', 1359114080, 0, 'client'),
(37, 1, 1, 5, 'Futur Internet Studio', '', '', 1359114576, 0, 'client'),
(38, 1, 1, 0, '', '', '', 1359121696, 1, ''),
(39, 1, 1, 0, '', '', '', 1359358800, 1, ''),
(56, 1, 4, 7, '2', 'Skipper', '', 1359451900, 0, 'project'),
(57, 1, 14, 7, '1', 'Teletabisi', '', 1359451909, 0, 'project'),
(58, 1, 1, 7, '0', 'Futuro Site', '', 1359453432, 0, 'project'),
(59, 1, 2, 7, '0', 'JHTester', '', 1359454413, 0, 'project'),
(60, 1, 4, 7, '0', 'Skipper', '', 1359454428, 0, 'project'),
(61, 1, 1, 7, '1', 'Futuro Site', '', 1359454463, 0, 'project'),
(62, 1, 1, 7, '0', 'Futuro Site', '', 1359454471, 0, 'project'),
(63, 1, 6, 7, '0', 'Stojan', '', 1359456359, 0, 'project'),
(64, 1, 1, 5, 'Futuro Internet Studio', '', '', 1359459712, 0, 'client'),
(65, 1, 20, 5, 'Klijent Klijentić', '', '', 1359459724, 0, 'client'),
(66, 1, 21, 5, 'Klijent Kretenčić', '', '', 1359459735, 0, 'client'),
(67, 1, 15, 7, '1', 'Novi Projekt', '', 1359465192, 0, 'project'),
(68, 1, 1, 7, '1', 'Futuro Site', '', 1359466861, 0, 'project'),
(69, 1, 1, 7, '0', 'Futuro Site', '', 1359466864, 0, 'project'),
(70, 1, 7, 7, '0', 'Petrić', '', 1359469052, 0, 'project'),
(71, 1, 7, 7, '1', 'Petrić', '', 1359469059, 0, 'project'),
(72, 1, 7, 7, '0', 'Petrić', '', 1359469065, 0, 'project'),
(73, 1, 7, 7, '1', 'Petrić', '', 1359469178, 0, 'project'),
(74, 1, 7, 7, '1', 'Petrić', '', 1359469198, 0, 'project'),
(75, 1, 7, 7, '1', 'Petrić', '', 1359469208, 0, 'project'),
(76, 1, 7, 7, '1', 'Petrić', '', 1359469231, 0, 'project'),
(77, 1, 7, 7, '0', 'Petrić', '', 1359469235, 0, 'project'),
(78, 1, 7, 7, '1', 'Petrić', '', 1359469238, 0, 'project'),
(79, 1, 1, 7, '2', 'Futuro Site', '', 1359470031, 0, 'project'),
(80, 1, 1, 7, '1', 'Futuro Site', '', 1359470040, 0, 'project'),
(81, 1, 1, 4, 'Futuro Site', '', '', 1359470090, 0, 'project'),
(82, 1, 1, 0, '', '', '', 1359530465, 1, ''),
(83, 1, 1, 1, '', '', '', 1359531783, 1, ''),
(84, 1, 1, 0, '', '', '', 1359531785, 1, ''),
(85, 1, 1, 1, '', '', '', 1359531825, 1, ''),
(86, 1, 1, 0, '', '', '', 1359531826, 1, ''),
(87, 1, 1, 0, '', '', '', 1359550185, 1, ''),
(88, 1, 1, 0, '', '', '', 1359616543, 1, ''),
(89, 1, 1, 0, '', '', '', 1359619578, 1, ''),
(90, 1, 1, 0, '', '', '', 1359702803, 1, ''),
(91, 1, 1, 1, '', '', '', 1359710005, 1, ''),
(92, 1, 1, 0, '', '', '', 1359710006, 1, ''),
(93, 1, 1, 0, '', '', '', 1359713851, 1, ''),
(94, 1, 1, 0, '', '', '', 1359715379, 1, ''),
(95, 1, 1, 0, '', '', '', 1359715975, 1, ''),
(96, 1, 25, 7, '2', 'test', '', 1359720029, 0, 'project'),
(97, 1, 24, 8, 'test', '', '', 1359727527, 0, 'project'),
(98, 1, 24, 8, 'test', '', '', 1359728007, 0, 'project'),
(99, 1, 1, 0, '', '', '', 1360221412, 1, ''),
(100, 1, 26, 6, 'Novi Projekt', '', '', 1360222287, 0, 'project'),
(101, 1, 1, 1, '', '', '', 1360227409, 1, ''),
(102, 1, 1, 0, '', '', '', 1360227412, 1, ''),
(103, 1, 1, 0, '', '', '', 1360307617, 1, ''),
(104, 1, 26, 8, 'Novi Projekt', '', '', 1360307813, 0, 'project'),
(105, 1, 26, 8, 'Novi Projekt', '', '', 1360307830, 0, 'project'),
(106, 1, 26, 8, 'Novi Projekt', '', '', 1360307860, 0, 'project'),
(107, 1, 26, 8, 'Novi Projekt', '', '', 1360308607, 0, 'project'),
(108, 1, 26, 8, 'Novi Projekts', '', '', 1360308613, 0, 'project'),
(109, 1, 26, 8, 'Novi Projekts', '', '', 1360308827, 0, 'project'),
(110, 1, 26, 8, 'Novi Projekts', '', '', 1360308885, 0, 'project'),
(111, 1, 26, 8, 'Novi Projekts', '', '', 1360309004, 0, 'project'),
(112, 1, 26, 8, 'Novi Projekts', '', '', 1360309063, 0, 'project'),
(113, 1, 26, 8, 'Novi Projekts', '', '', 1360309120, 0, 'project'),
(114, 1, 26, 8, 'Novi Projekts', '', '', 1360309141, 0, 'project'),
(115, 1, 26, 8, 'Novi Projekts', '', '', 1360309688, 0, 'project'),
(116, 1, 26, 8, 'Novi Projekts', '', '', 1360309738, 0, 'project'),
(117, 1, 26, 8, 'Novi Projekts', '', '', 1360309741, 0, 'project'),
(118, 1, 26, 8, 'Novi Projekts', '', '', 1360309852, 0, 'project'),
(119, 1, 26, 8, 'Novi Projekts', '', '', 1360309858, 0, 'project'),
(120, 1, 26, 8, 'Novi Projekts', '', '', 1360309902, 0, 'project'),
(121, 1, 26, 8, 'Novi Projekts', '', '', 1360309951, 0, 'project'),
(122, 1, 26, 8, 'Novi Projekts', '', '', 1360310039, 0, 'project'),
(123, 1, 26, 8, 'Novi Projekts', '', '', 1360310045, 0, 'project'),
(124, 1, 26, 8, 'Novi Projekts', '', '', 1360310115, 0, 'project'),
(125, 1, 26, 8, 'Novi Projekts', '', '', 1360310454, 0, 'project'),
(126, 1, 26, 8, 'Novi Projekts', '', '', 1360310466, 0, 'project'),
(127, 1, 26, 8, 'Novi Projekts', '', '', 1360310508, 0, 'project'),
(128, 1, 26, 8, 'Novi Projekts', '', '', 1360310509, 0, 'project'),
(129, 1, 5, 8, 'Čokolade Mljac', '', '', 1360310544, 0, 'project'),
(130, 1, 5, 8, 'Čokolade Mljac', '', '', 1360310888, 0, 'project'),
(131, 1, 5, 8, 'Čokolade Mljac', '', '', 1360310921, 0, 'project'),
(132, 1, 5, 8, 'Čokolade Mljac', '', '', 1360310970, 0, 'project'),
(133, 1, 1, 1, '', '', '', 1360311004, 1, ''),
(134, 1, 1, 0, '', '', '', 1360311035, 1, ''),
(135, 1, 1, 1, '', '', '', 1360311256, 1, ''),
(136, 1, 1, 0, '', '', '', 1360311271, 1, ''),
(137, 1, 1, 1, '', '', '', 1360311672, 1, ''),
(138, 1, 1, 0, '', '', '', 1360311674, 1, ''),
(139, 1, 1, 1, '', '', '', 1360311676, 1, ''),
(140, 2, 2, 0, '', '', '', 1360311681, 1, ''),
(141, 2, 2, 1, '', '', '', 1360311691, 1, ''),
(142, 1, 1, 0, '', '', '', 1360311696, 1, ''),
(143, 1, 5, 8, 'Čokolade Mljac', '', '', 1360311711, 0, 'project'),
(144, 1, 5, 8, 'Čokolade Mljac', '', '', 1360312084, 0, 'project'),
(145, 1, 5, 8, 'Čokolade Mljac', '', '', 1360312148, 0, 'project'),
(146, 1, 5, 8, 'Čokolade Mljac', '', '', 1360312313, 0, 'project'),
(147, 1, 5, 8, 'Čokolade Mljac', '', '', 1360312378, 0, 'project'),
(148, 1, 5, 8, 'Čokolade Mljac', '', '', 1360312472, 0, 'project'),
(149, 1, 5, 8, 'Čokolade Mljac', '', '', 1360312531, 0, 'project'),
(150, 1, 5, 8, 'Čokolade Mljac', '', '', 1360312550, 0, 'project'),
(151, 1, 5, 8, 'Čokolade Mljac', '', '', 1360312586, 0, 'project'),
(152, 1, 5, 8, 'Čokolade Mljac', '', '', 1360312595, 0, 'project'),
(153, 1, 5, 8, 'Čokolade Mljac', '', '', 1360312681, 0, 'project'),
(154, 1, 5, 8, 'Čokolade Mljac', '', '', 1360313174, 0, 'project'),
(155, 1, 5, 8, 'Čokolade Mljac', '', '', 1360313192, 0, 'project'),
(156, 1, 5, 8, 'Čokolade Mljac', '', '', 1360313213, 0, 'project'),
(157, 1, 26, 8, 'Novi Projekts', '', '', 1360313941, 0, 'project'),
(158, 1, 26, 8, 'Novi Projekts', '', '', 1360313959, 0, 'project'),
(159, 1, 26, 8, 'Novi Projekts', '', '', 1360314686, 0, 'project'),
(160, 1, 26, 8, 'Novi Projekts', '', '', 1360314707, 0, 'project'),
(161, 1, 26, 8, 'Novi Projekts', '', '', 1360314723, 0, 'project'),
(162, 1, 26, 8, 'Novi Projekts', '', '', 1360314729, 0, 'project'),
(163, 1, 26, 8, 'Novi Projekts', '', '', 1360314738, 0, 'project'),
(164, 1, 26, 8, 'Novi Projekts', '', '', 1360314748, 0, 'project'),
(165, 1, 26, 8, 'Novi Projekts', '', '', 1360314759, 0, 'project'),
(166, 1, 26, 8, 'Novi Projekts', '', '', 1360314773, 0, 'project'),
(167, 1, 26, 8, 'Novi Projekts', '', '', 1360314801, 0, 'project'),
(168, 1, 26, 8, 'Novi Projekts', '', '', 1360314816, 0, 'project'),
(169, 1, 26, 8, 'Novi Projekts', '', '', 1360314824, 0, 'project'),
(170, 1, 26, 8, 'Novi Projekts', '', '', 1360314832, 0, 'project'),
(171, 1, 26, 8, 'Novi Projekts', '', '', 1360314838, 0, 'project'),
(172, 1, 26, 8, 'Novi Projekts', '', '', 1360315497, 0, 'project'),
(173, 1, 26, 8, 'Novi Projekts', '', '', 1360315556, 0, 'project'),
(174, 1, 26, 8, 'Novi Projekts', '', '', 1360315576, 0, 'project'),
(175, 1, 26, 8, 'Novi Projekts', '', '', 1360315611, 0, 'project'),
(176, 1, 26, 8, 'Novi Projekts', '', '', 1360315682, 0, 'project'),
(177, 1, 26, 8, 'Novi Projekts', '', '', 1360315693, 0, 'project'),
(178, 1, 26, 8, 'Novi Projekts', '', '', 1360315757, 0, 'project'),
(179, 1, 26, 8, 'Novi Projekts', '', '', 1360315766, 0, 'project'),
(180, 1, 26, 8, 'Novi Projekts', '', '', 1360315873, 0, 'project'),
(181, 1, 26, 8, 'Novi Projekts', '', '', 1360315881, 0, 'project'),
(182, 1, 26, 8, 'Novi Projekts', '', '', 1360315887, 0, 'project'),
(183, 1, 26, 8, 'Novi Projekts', '', '', 1360315896, 0, 'project'),
(184, 1, 26, 8, 'Novi Projekts', '', '', 1360315921, 0, 'project'),
(185, 1, 26, 8, 'Novi Projekts', '', '', 1360315961, 0, 'project'),
(186, 1, 26, 8, 'Novi Projekts', '', '', 1360316068, 0, 'project'),
(187, 1, 26, 8, 'Novi Projekts', '', '', 1360316074, 0, 'project'),
(188, 1, 26, 8, 'Novi Projekts', '', '', 1360316087, 0, 'project'),
(189, 1, 26, 8, 'Novi Projekts', '', '', 1360316093, 0, 'project'),
(190, 1, 26, 8, 'Novi Projekts', '', '', 1360316116, 0, 'project'),
(191, 1, 26, 8, 'Novi Projekts', '', '', 1360316160, 0, 'project'),
(192, 1, 26, 9, 'Novi Projekts', '2', '', 1360316160, 2, 'project'),
(193, 1, 26, 8, 'Novi Projekts', '', '', 1360316977, 0, 'project'),
(194, 1, 26, 9, 'Novi Projekts', '2', '', 1360316977, 2, 'project'),
(195, 1, 27, 6, 'Testni Projekt', '', '', 1360317462, 0, 'project'),
(196, 1, 27, 9, 'Testni Projekt', '1', '', 1360317462, 2, 'project'),
(198, 1, 28, 6, 'Testni Projekt', '', '', 1360317507, 0, 'project'),
(199, 1, 28, 9, 'Testni Projekt', '1', '', 1360317507, 2, 'project'),
(200, 1, 29, 6, 'Testni Projekt', '', '', 1360317519, 0, 'project'),
(201, 1, 29, 9, 'Testni Projekt', '1', '', 1360317519, 2, 'project'),
(202, 1, 29, 9, 'Testni Projekt', '2', '', 1360317519, 2, 'project'),
(203, 1, 30, 6, 'Testni Projekt', '', '', 1360317551, 0, 'project'),
(204, 1, 30, 9, 'Testni Projekt', '1', '', 1360317551, 2, 'project'),
(205, 1, 30, 9, 'Testni Projekt', '2', '', 1360317552, 2, 'project'),
(206, 1, 30, 8, 'Testni Projekt', '', '', 1360319161, 0, 'project'),
(207, 1, 30, 8, 'Testni Projekt', '', '', 1360319167, 0, 'project'),
(208, 1, 30, 8, 'Testni Projekt', '', '', 1360319379, 0, 'project'),
(209, 1, 30, 8, 'Testni Projekt', '', '', 1360319390, 0, 'project'),
(210, 1, 30, 8, 'Testni Projekt', '', '', 1360319396, 0, 'project'),
(211, 1, 30, 8, 'Testni Projekt', '', '', 1360319638, 0, 'project'),
(212, 1, 30, 10, 'Testni Projekt', '1', '', 1360319638, 2, 'project'),
(213, 1, 30, 10, 'Testni Projekt', '2', '', 1360319638, 2, 'project'),
(214, 1, 29, 8, 'Testni Projekt', '', '', 1360319725, 0, 'project'),
(215, 1, 29, 10, 'Testni Projekt', '2', '', 1360319725, 2, 'project'),
(216, 1, 29, 8, 'Testni Projekt', '', '', 1360320410, 0, 'project'),
(217, 1, 29, 9, 'Testni Projekt', '2', '', 1360320410, 2, 'project'),
(218, 1, 29, 8, 'Testni Projekt', '', '', 1360320517, 0, 'project'),
(219, 1, 29, 10, 'Testni Projekt', '2', '', 1360320517, 2, 'project'),
(220, 1, 30, 8, 'Testni Projekt', '', '', 1360320956, 0, 'project'),
(221, 1, 30, 8, 'Testni Projekt', '', '', 1360321001, 0, 'project'),
(222, 1, 30, 8, 'Testni Projekt', '', '', 1360321014, 0, 'project'),
(223, 1, 30, 9, 'Testni Projekt', '2', '', 1360321014, 2, 'project'),
(224, 1, 30, 8, 'Testni Projekt', '', '', 1360321046, 0, 'project'),
(225, 1, 30, 8, 'Testni Projekt', '', '', 1360323281, 0, 'project'),
(226, 1, 30, 8, 'Testni Projekt', '', '', 1360323470, 0, 'project'),
(227, 1, 30, 8, 'Testni Projekt', '', '', 1360323605, 0, 'project'),
(228, 1, 30, 9, 'Testni Projekt', '1', '', 1360323605, 2, 'project'),
(229, 1, 30, 8, 'Testni Projekt', '', '', 1360323624, 0, 'project'),
(230, 1, 30, 8, 'Testni Projekt', '', '', 1360324099, 0, 'project'),
(231, 1, 30, 8, 'Testni Projekt', '', '', 1360324216, 0, 'project'),
(232, 1, 30, 8, 'Testni Projekt', '', '', 1360324233, 0, 'project'),
(233, 1, 30, 8, 'Testni Projekt', '', '', 1360324296, 0, 'project'),
(234, 1, 30, 8, 'Testni Projekt', '', '', 1360324303, 0, 'project'),
(235, 1, 30, 8, 'Testni Projekt', '', '', 1360324388, 0, 'project'),
(236, 1, 30, 8, 'Testni Projekt', '', '', 1360324420, 0, 'project'),
(237, 1, 30, 8, 'Testni Projekt', '', '', 1360324463, 0, 'project'),
(238, 1, 30, 8, 'Testni Projekt', '', '', 1360324506, 0, 'project'),
(239, 1, 30, 8, 'Testni Projekt', '', '', 1360324524, 0, 'project'),
(240, 1, 30, 8, 'Testni Projekt', '', '', 1360324746, 0, 'project'),
(241, 1, 30, 8, 'Testni Projekt', '', '', 1360324907, 0, 'project'),
(242, 1, 30, 8, 'Testni Projekt', '', '', 1360325166, 0, 'project'),
(243, 1, 30, 8, 'Testni Projekt', '', '', 1360325531, 0, 'project'),
(244, 1, 30, 8, 'Testni Projekt', '', '', 1360325550, 0, 'project'),
(245, 1, 30, 8, 'Testni Projekt', '', '', 1360325610, 0, 'project'),
(246, 1, 30, 8, 'Testni Projekt', '', '', 1360326346, 0, 'project'),
(247, 1, 30, 8, 'Testni Projekt', '', '', 1360326365, 0, 'project'),
(248, 1, 30, 8, 'Testni Projekt', '', '', 1360327009, 0, 'project'),
(249, 1, 30, 8, 'Testni Projekt', '', '', 1360327010, 0, 'project'),
(250, 1, 30, 8, 'Testni Projekt', '', '', 1360327021, 0, 'project'),
(251, 1, 30, 8, 'Testni Projekt', '', '', 1360327071, 0, 'project'),
(252, 1, 30, 8, 'Testni Projekt', '', '', 1360327107, 0, 'project'),
(253, 1, 30, 8, 'Testni Projekt', '', '', 1360327184, 0, 'project'),
(254, 1, 30, 8, 'Testni Projekt', '', '', 1360327378, 0, 'project'),
(255, 1, 30, 8, 'Testni Projekt', '', '', 1360327385, 0, 'project'),
(256, 1, 30, 8, 'Testni Projekt', '', '', 1360327526, 0, 'project'),
(257, 1, 30, 8, 'Testni Projekt', '', '', 1360327590, 0, 'project'),
(258, 1, 30, 8, 'Testni Projekt', '', '', 1360328152, 0, 'project'),
(259, 1, 30, 8, 'Testni Projekt', '', '', 1360328192, 0, 'project'),
(260, 1, 30, 8, 'Testni Projekt', '', '', 1360328196, 0, 'project'),
(261, 1, 30, 8, 'Testni Projekt', '', '', 1360328287, 0, 'project'),
(262, 1, 30, 8, 'Testni Projekt', '', '', 1360328310, 0, 'project'),
(263, 1, 30, 8, 'Testni Projekt', '', '', 1360328346, 0, 'project'),
(264, 1, 30, 8, 'Testni Projekt', '', '', 1360328356, 0, 'project'),
(265, 1, 30, 8, 'Testni Projekt', '', '', 1360328771, 0, 'project'),
(266, 1, 30, 8, 'Testni Projekt', '', '', 1360328781, 0, 'project'),
(267, 1, 30, 8, 'Testni Projekt', '', '', 1360328819, 0, 'project'),
(268, 1, 30, 8, 'Testni Projekt', '', '', 1360328847, 0, 'project'),
(269, 1, 30, 8, 'Testni Projekt', '', '', 1360328963, 0, 'project'),
(270, 1, 30, 8, 'Testni Projekt', '', '', 1360329203, 0, 'project'),
(271, 1, 30, 8, 'Testni Projekt', '', '', 1360329217, 0, 'project'),
(272, 1, 30, 8, 'Testni Projekt', '', '', 1360329377, 0, 'project'),
(273, 1, 30, 8, 'Testni Projekt', '', '', 1360329402, 0, 'project'),
(274, 1, 30, 8, 'Testni Projekt', '', '', 1360329408, 0, 'project'),
(275, 1, 30, 8, 'Testni Projekt', '', '', 1360329421, 0, 'project'),
(276, 1, 30, 8, 'Testni Projekt', '', '', 1360329435, 0, 'project'),
(277, 1, 31, 6, 'Stoti', '', '', 1360330863, 0, 'project'),
(278, 1, 31, 9, 'Stoti', '1', '', 1360330863, 2, 'project'),
(279, 1, 31, 8, 'Stoti', '', '', 1360331422, 0, 'project'),
(280, 1, 31, 8, 'Stoti', '', '', 1360331556, 0, 'project'),
(281, 1, 31, 8, 'Stoti', '', '', 1360331575, 0, 'project'),
(282, 1, 31, 8, 'Stoti', '', '', 1360331579, 0, 'project'),
(283, 1, 31, 8, 'Stoti', '', '', 1360334045, 0, 'project'),
(284, 1, 31, 8, 'Stoti', '', '', 1360334303, 0, 'project'),
(285, 1, 31, 8, 'Stoti', '', '', 1360334500, 0, 'project'),
(286, 1, 31, 8, 'Stoti', '', '', 1360334509, 0, 'project'),
(287, 1, 31, 8, 'Stoti', '', '', 1360334583, 0, 'project'),
(288, 1, 31, 8, 'Stoti', '', '', 1360334597, 0, 'project'),
(289, 1, 31, 8, 'Stoti', '', '', 1360334611, 0, 'project'),
(290, 1, 31, 8, 'Stoti', '', '', 1360334613, 0, 'project'),
(291, 1, 31, 8, 'Stoti', '', '', 1360334618, 0, 'project'),
(292, 1, 31, 8, 'Stoti', '', '', 1360334625, 0, 'project'),
(293, 1, 31, 8, 'Stoti', '', '', 1360334650, 0, 'project'),
(294, 1, 31, 8, 'Stoti', '', '', 1360334661, 0, 'project'),
(295, 1, 1, 0, '', '', '', 1360567358, 1, ''),
(296, 1, 31, 8, 'Stoti', '', '', 1360567500, 0, 'project'),
(297, 1, 31, 8, 'Stoti', '', '', 1360567546, 0, 'project'),
(298, 1, 31, 8, 'Stoti', '', '', 1360567652, 0, 'project'),
(299, 1, 31, 8, 'Stoti', '', '', 1360567657, 0, 'project'),
(300, 1, 31, 8, 'Stoti', '', '', 1360568137, 0, 'project'),
(301, 1, 31, 8, 'Stoti', '', '', 1360568144, 0, 'project'),
(302, 1, 31, 4, 'Stoti', '', '', 1360568669, 0, 'project'),
(303, 1, 30, 8, 'Testni Projekt', '', '', 1360568734, 0, 'project'),
(304, 1, 30, 4, 'Testni Projekt', '', '', 1360568781, 0, 'project'),
(305, 1, 30, 4, '', '', '', 1360568814, 0, 'project'),
(306, 1, 29, 4, 'Testni Projekt', '', '', 1360568963, 0, 'project'),
(307, 1, 28, 8, 'Testni Projekt', '', '', 1360569512, 0, 'project'),
(308, 1, 28, 4, 'Testni Projekt', '', '', 1360569525, 0, 'project'),
(309, 1, 4, 4, 'Skipper', '', '', 1360569685, 0, 'project'),
(310, 1, 27, 8, 'Testni Projekt', '', '', 1360569961, 0, 'project'),
(311, 1, 27, 9, 'Testni Projekt', '2', '', 1360569961, 2, 'project'),
(312, 1, 27, 4, 'Testni Projekt', '', '', 1360573138, 0, 'project'),
(313, 1, 22, 4, 'test', '', '', 1360573198, 0, 'project'),
(314, 1, 26, 4, 'Novi Projekts', '', '', 1360573739, 0, 'project'),
(315, 1, 24, 7, '2', 'test', '', 1360573756, 0, 'project'),
(316, 1, 21, 7, '2', 'test', '', 1360573784, 0, 'project'),
(317, 1, 20, 7, '1', 'test', '', 1360573795, 0, 'project'),
(318, 1, 20, 7, '2', 'test', '', 1360573800, 0, 'project'),
(319, 1, 20, 7, '1', 'test', '', 1360573826, 0, 'project'),
(320, 1, 20, 7, '0', 'test', '', 1360573870, 0, 'project'),
(321, 1, 20, 7, '2', 'test', '', 1360573875, 0, 'project'),
(322, 1, 20, 4, 'test', '', '', 1360573878, 0, 'project'),
(323, 1, 17, 4, 'asd', '', '', 1360573907, 0, 'project'),
(324, 1, 18, 7, '1', 'asd', '', 1360573928, 0, 'project'),
(325, 1, 18, 7, '2', 'asd', '', 1360573957, 0, 'project'),
(326, 1, 18, 7, '1', 'asd', '', 1360573985, 0, 'project'),
(327, 1, 19, 7, '2', 'test', '', 1360574974, 0, 'project'),
(328, 1, 19, 7, '1', 'test', '', 1360574978, 0, 'project'),
(329, 1, 19, 7, '0', 'test', '', 1360574997, 0, 'project'),
(330, 1, 19, 7, '2', 'test', '', 1360575001, 0, 'project'),
(331, 1, 19, 4, 'test', '', '', 1360575006, 0, 'project'),
(332, 1, 6, 4, 'Stojan', '', '', 1360575026, 0, 'project'),
(333, 1, 23, 8, 'test', '', '', 1360575799, 0, 'project'),
(334, 1, 23, 8, 'test', '', '', 1360575809, 0, 'project'),
(335, 1, 23, 8, 'test', '', '', 1360575842, 0, 'project'),
(336, 1, 23, 8, 'test', '', '', 1360575853, 0, 'project'),
(337, 1, 1, 1, '', '', '', 1360576857, 1, ''),
(338, 1, 1, 0, '', '', '', 1360576859, 1, ''),
(339, 1, 18, 7, '0', 'asd', '', 1360579998, 0, 'project'),
(340, 1, 24, 7, '0', 'test', '', 1360580008, 0, 'project'),
(341, 1, 16, 7, '0', 'asd', '', 1360580015, 0, 'project'),
(342, 1, 1, 1, '', '', '', 1360595730, 1, ''),
(343, 1, 1, 0, '', '', '', 1360595732, 1, ''),
(344, 1, 1, 0, '', '', '', 1360596758, 1, ''),
(345, 1, 1, 0, '', '', '', 1360653864, 1, ''),
(346, 1, 1, 0, '', '', '', 1360654428, 1, ''),
(347, 1, 1, 1, '', '', '', 1360678054, 1, ''),
(348, 1, 1, 0, '', '', '', 1360678325, 1, ''),
(349, 1, 1, 0, '', '', '', 1360744239, 1, ''),
(350, 1, 1, 5, 'Futuro Internet Studio', '', '', 1360747492, 0, 'client'),
(351, 1, 1, 5, 'Futuro Internet Studio', '', '', 1360747500, 0, 'client'),
(352, 1, 1, 5, 'Futuro Internet Studio', '', '', 1360747996, 0, 'client'),
(353, 1, 1, 5, 'Futuro Internet Studio', '', '', 1360748005, 0, 'client'),
(354, 1, 1, 5, 'Futuro Internet Studio', '', '', 1360748073, 0, 'client'),
(355, 1, 21, 5, 'Klijent Kretenčić', '', '', 1360748171, 0, 'client'),
(356, 1, 24, 8, 'test''', '', '', 1360749638, 0, 'project'),
(357, 1, 24, 8, 'test''', '', '', 1360752718, 0, 'project'),
(358, 1, 1, 5, 'Futuro Internet Studio', '', '', 1360757209, 0, 'client'),
(359, 1, 1, 1, '', '', '', 1360757628, 1, ''),
(360, 1, 1, 0, '', '', '', 1360757629, 1, ''),
(361, 1, 1, 5, 'Futuro Internet Studio', '', '', 1360758431, 0, 'client'),
(362, 1, 1, 5, 'Futuro :) Internet Studio', '', '', 1360758442, 0, 'client'),
(363, 1, 1, 0, '', '', '', 1360764395, 1, ''),
(364, 1, 1, 0, '', '', '', 1360766864, 1, ''),
(365, 1, 1, 0, '', '', '', 1360828683, 1, ''),
(366, 1, 32, 6, 'Test', '', '', 1360829398, 0, 'project'),
(367, 1, 32, 9, 'Test', '1', '', 1360829398, 2, 'project'),
(368, 1, 32, 8, 'Test', '', '', 1360829690, 0, 'project'),
(369, 1, 32, 9, 'Test', '2', '', 1360829690, 2, 'project'),
(370, 1, 24, 8, 'test''', '', '', 1360837591, 0, 'project'),
(371, 1, 24, 9, 'test''', '2', '', 1360837591, 2, 'project'),
(372, 1, 21, 8, 'test', '', '', 1360837995, 0, 'project'),
(373, 1, 21, 9, 'test', '2', '', 1360837995, 2, 'project'),
(374, 1, 1, 1, '', '', '', 1360839951, 1, ''),
(375, 2, 2, 0, '', '', '', 1360839960, 1, ''),
(376, 2, 24, 8, 'test''', '', '', 1360839998, 0, 'project'),
(377, 2, 2, 1, '', '', '', 1360840009, 1, ''),
(378, 1, 1, 0, '', '', '', 1360840010, 1, ''),
(379, 1, 1, 0, '', '', '', 1360912607, 1, ''),
(380, 1, 15, 8, 'Novi Projekt', '', '', 1360912756, 0, 'project'),
(381, 1, 15, 9, 'Novi Projekt', '2', '', 1360912756, 2, 'project'),
(382, 1, 1, 1, '', '', '', 1360913136, 1, ''),
(383, 1, 1, 0, '', '', '', 1360913137, 1, ''),
(384, 1, 1, 1, '', '', '', 1360924418, 1, ''),
(385, 2, 2, 0, '', '', '', 1360924423, 1, ''),
(386, 2, 2, 1, '', '', '', 1360924435, 1, ''),
(387, 1, 1, 0, '', '', '', 1360924437, 1, ''),
(388, 1, 23, 8, 'test', '', '', 1360925626, 0, 'project'),
(389, 1, 23, 9, 'test', '2', '', 1360925627, 2, 'project'),
(390, 1, 1, 0, '', '', '', 1360937869, 1, ''),
(391, 1, 1, 0, '', '', '', 1360938736, 1, ''),
(392, 1, 1, 0, '', '', '', 1361171759, 1, ''),
(393, 1, 14, 4, 'Teletabisi', '', '', 1361179351, 0, 'project'),
(394, 1, 1, 1, '', '', '', 1361182658, 1, ''),
(395, 1, 1, 0, '', '', '', 1361182660, 1, ''),
(396, 1, 2, 8, 'JHTester', '', '', 1361187184, 0, 'project'),
(397, 1, 2, 9, 'JHTester', '2', '', 1361187184, 2, 'project'),
(398, 1, 1, 0, '', '', '', 1361189187, 1, ''),
(399, 1, 1, 0, '', '', '', 1361194849, 1, ''),
(400, 1, 32, 8, 'Test', '', '', 1361198535, 0, 'project'),
(401, 1, 1, 1, '', '', '', 1361257084, 1, ''),
(402, 1, 1, 0, '', '', '', 1361257086, 1, ''),
(403, 1, 0, 11, 'Prva testna objava.', '', '', 1361260875, 3, ''),
(404, 1, 0, 11, 'Nešto ne valja s ftp podacima za ovaj projekt. Neka netko pogleda.', '/project/11', '', 1361262136, 3, ''),
(405, 1, 0, 11, 'Test objava?', '', '', 1361270396, 3, ''),
(406, 1, 0, 11, 'Test??', '', '', 1361270855, 3, ''),
(407, 1, 11, 8, 'Još Ideja', '', '', 1361275201, 0, 'project'),
(408, 1, 1, 1, '', '', '', 1361275204, 1, ''),
(409, 2, 2, 0, '', '', '', 1361275210, 1, ''),
(410, 2, 0, 11, 'FTP podaci popravljeni.', '/project/23', '', 1361275222, 3, ''),
(412, 2, 2, 1, '', '', '', 1361275682, 1, ''),
(413, 1, 1, 0, '', '', '', 1361275690, 1, ''),
(414, 1, 9, 8, 'India Gnan', '', '', 1361278312, 0, 'project'),
(415, 1, 1, 1, '', '', '', 1361285766, 1, ''),
(416, 2, 2, 0, '', '', '', 1361285774, 1, ''),
(417, 2, 2, 1, '', '', '', 1361285786, 1, ''),
(418, 1, 1, 0, '', '', '', 1361285789, 1, ''),
(419, 2, 2, 0, '', '', '', 1361344277, 1, ''),
(420, 2, 0, 11, 'Kiša će.', '', '', 1361344292, 3, ''),
(421, 2, 2, 1, '', '', '', 1361363511, 1, ''),
(422, 2, 2, 0, '', '', '', 1361363514, 1, ''),
(423, 2, 2, 1, '', '', '', 1361363516, 1, ''),
(424, 2, 2, 0, '', '', '', 1361363519, 1, ''),
(425, 2, 2, 1, '', '', '', 1361363569, 1, ''),
(426, 1, 1, 0, '', '', '', 1361363573, 1, ''),
(427, 1, 32, 8, 'Test', '', '', 1361365332, 0, 'project'),
(428, 2, 2, 0, '', '', '', 1361431121, 1, ''),
(429, 2, 2, 1, '', '', '', 1361431129, 1, ''),
(430, 1, 1, 0, '', '', '', 1361431133, 1, ''),
(431, 1, 1, 1, '', '', '', 1361433848, 1, ''),
(432, 1, 1, 0, '', '', '', 1361433852, 1, ''),
(433, 1, 1, 0, '', '', '', 1361440018, 1, ''),
(434, 1, 1, 1, '', '', '', 1361442619, 1, ''),
(435, 2, 2, 0, '', '', '', 1361442623, 1, ''),
(436, 2, 2, 1, '', '', '', 1361442625, 1, ''),
(437, 1, 1, 0, '', '', '', 1361442629, 1, ''),
(438, 1, 1, 1, '', '', '', 1361442633, 1, ''),
(439, 1, 1, 0, '', '', '', 1361442633, 1, ''),
(440, 1, 33, 6, 'f', '', '', 1361446881, 0, 'project'),
(441, 1, 33, 9, 'f', '1', '', 1361446881, 2, 'project'),
(442, 1, 22, 2, 'f ', '', '', 1361447820, 0, 'client'),
(443, 1, 22, 3, 'f ', '', '', 1361447823, 0, 'client'),
(444, 1, 34, 6, 'f', '', '', 1361448027, 0, 'project'),
(445, 1, 34, 9, 'f', '1', '', 1361448027, 2, 'project'),
(446, 1, 35, 6, 'Test', '', '', 1361449294, 0, 'project'),
(447, 1, 35, 9, 'Test', '1', '', 1361449294, 2, 'project'),
(448, 1, 0, 11, '', '', '', 1361449759, 3, ''),
(449, 1, 21, 5, 'Klijent Kretenčić', '', '', 1361451139, 0, 'client'),
(450, 1, 21, 5, 'Klijent Kretenčić', '', '', 1361451146, 0, 'client'),
(451, 1, 23, 2, 'Mile Dragić', '', '', 1361451169, 0, 'client'),
(452, 1, 35, 8, 'Test', '', '', 1361451563, 0, 'project'),
(453, 1, 35, 8, 'Test', '', '', 1361451576, 0, 'project'),
(454, 1, 35, 8, 'Test', '', '', 1361451607, 0, 'project'),
(455, 1, 1, 0, '', '', '', 1361452801, 1, ''),
(456, 1, 35, 8, 'Test', '', '', 1361453037, 0, 'project'),
(457, 1, 35, 8, 'Test', '', '', 1361453040, 0, 'project'),
(458, 1, 35, 8, 'Test', '', '', 1361453041, 0, 'project'),
(459, 1, 35, 8, 'Test', '', '', 1361453043, 0, 'project'),
(460, 1, 35, 8, 'Test', '', '', 1361453046, 0, 'project'),
(461, 1, 35, 8, 'Test', '', '', 1361453048, 0, 'project'),
(462, 1, 35, 8, 'Test', '', '', 1361453056, 0, 'project'),
(463, 1, 35, 8, 'Test', '', '', 1361453058, 0, 'project'),
(464, 1, 35, 8, 'Test', '', '', 1361453064, 0, 'project'),
(465, 1, 35, 8, 'Test', '', '', 1361453066, 0, 'project'),
(466, 1, 35, 8, 'Test', '', '', 1361453067, 0, 'project'),
(467, 1, 35, 8, 'Test', '', '', 1361453069, 0, 'project'),
(468, 1, 35, 8, 'Test', '', '', 1361453074, 0, 'project'),
(469, 1, 35, 8, 'Test', '', '', 1361453076, 0, 'project'),
(470, 1, 35, 8, 'Test', '', '', 1361453078, 0, 'project'),
(471, 1, 1, 0, '', '', '', 1361454062, 1, ''),
(472, 1, 1, 0, '', '', '', 1361517357, 1, ''),
(473, 1, 3, 12, '', '', '', 1361520581, 1, 'userdata'),
(474, 1, 4, 11, '', '', '', 1361520985, 1, 'userdata'),
(475, 1, 1, 1, '', '', '', 1361521575, 1, ''),
(476, 3, 3, 0, '', '', '', 1361521579, 1, ''),
(477, 3, 3, 1, '', '', '', 1361526486, 1, ''),
(478, 3, 3, 0, '', '', '', 1361526497, 1, ''),
(479, 3, 3, 1, '', '', '', 1361526847, 1, ''),
(480, 3, 3, 0, '', '', '', 1361526868, 1, ''),
(481, 3, 3, 1, '', '', '', 1361527788, 1, ''),
(482, 1, 1, 0, '', '', '', 1361527790, 1, ''),
(483, 1, 3, 12, '', '', '', 1361530972, 0, 'userdata'),
(484, 1, 2, 13, '', '', '', 1361531036, 0, 'userdata'),
(485, 1, 3, 13, '', '', '', 1361531042, 0, 'userdata'),
(486, 1, 3, 13, '', '', '', 1361531312, 0, 'userdata'),
(487, 1, 3, 13, '', '', '', 1361531549, 0, 'userdata'),
(488, 1, 3, 13, '', '', '', 1361531584, 0, 'userdata'),
(489, 1, 3, 13, '', '', '', 1361532911, 0, 'userdata'),
(490, 1, 3, 13, '', '', '', 1361533339, 0, 'userdata'),
(491, 1, 3, 13, '', '', '', 1361533406, 0, 'userdata'),
(492, 1, 1, 13, '', '', '', 1361533972, 0, 'userdata'),
(493, 1, 1, 13, '', '', '', 1361533977, 0, 'userdata'),
(494, 1, 3, 13, '', '', '', 1361534853, 0, 'userdata'),
(495, 1, 3, 13, '', '', '', 1361534862, 0, 'userdata'),
(496, 1, 1, 0, '', '', '', 1361776998, 1, ''),
(497, 1, 1, 1, '', '', '', 1361785688, 1, ''),
(498, 1, 1, 0, '', '', '', 1361785692, 1, ''),
(499, 1, 16, 8, 'asd', '', '', 1361786724, 0, 'project'),
(500, 1, 16, 9, 'asd', '3', '', 1361786724, 2, 'project'),
(501, 1, 5, 8, 'Čokolade Milka', '', '', 1361787647, 0, 'project'),
(502, 1, 0, 11, 'Testna# objava', '', '', 1361800227, 3, ''),
(503, 1, 1, 0, '', '', '', 1361862641, 1, ''),
(504, 1, 35, 8, 'Test', '', '', 1361865409, 0, 'project'),
(505, 1, 23, 8, 'test', '', '', 1361866630, 0, 'project'),
(506, 1, 23, 8, 'test', '', '', 1361866693, 0, 'project'),
(507, 1, 23, 8, 'test', '', '', 1361866700, 0, 'project'),
(508, 1, 23, 8, 'test', '', '', 1361866706, 0, 'project'),
(509, 1, 23, 8, 'test', '', '', 1361866714, 0, 'project'),
(510, 1, 23, 8, 'test', '', '', 1361866730, 0, 'project'),
(511, 1, 23, 8, 'test', '', '', 1361866747, 0, 'project'),
(512, 1, 23, 8, 'test', '', '', 1361866773, 0, 'project'),
(513, 1, 23, 8, 'test', '', '', 1361866782, 0, 'project'),
(514, 1, 23, 8, 'test', '', '', 1361866785, 0, 'project'),
(515, 1, 23, 8, 'test', '', '', 1361866792, 0, 'project'),
(516, 1, 23, 8, 'test', '', '', 1361866798, 0, 'project'),
(517, 1, 23, 8, 'test', '', '', 1361866812, 0, 'project'),
(518, 1, 23, 8, 'test', '', '', 1361866821, 0, 'project'),
(519, 1, 23, 8, 'test', '', '', 1361866827, 0, 'project'),
(520, 1, 23, 8, 'test', '', '', 1361866830, 0, 'project'),
(521, 1, 23, 8, 'test', '', '', 1361866857, 0, 'project'),
(522, 1, 23, 8, 'test', '', '', 1361866862, 0, 'project'),
(523, 1, 23, 8, 'test', '', '', 1361866873, 0, 'project'),
(524, 1, 23, 8, 'test', '', '', 1361866895, 0, 'project'),
(525, 1, 23, 8, 'test', '', '', 1361866902, 0, 'project'),
(526, 1, 23, 8, 'test', '', '', 1361867329, 0, 'project'),
(528, 1, 23, 8, 'test', '', '', 1361870314, 0, 'project'),
(530, 1, 0, 11, 'Testna', '', '', 1361871892, 3, ''),
(531, 1, 23, 8, 'test', '', '', 1361874456, 0, 'project'),
(532, 1, 23, 4, 'test', '', '', 1361876264, 0, 'project'),
(533, 1, 1, 0, '', '', '', 1361950452, 1, ''),
(534, 1, 1, 0, '', '', '', 1361956283, 1, ''),
(535, 1, 1, 0, '', '', '', 1361974644, 1, ''),
(536, 1, 1, 0, '', '', '', 1362034250, 1, ''),
(537, 1, 32, 8, 'Test', '', '', 1362036087, 0, 'project'),
(538, 1, 1, 0, '', '', '', 1362380236, 1, ''),
(539, 1, 1, 0, '', '', '', 1362402609, 1, ''),
(540, 1, 1, 0, '', '', '', 1362475731, 1, ''),
(541, 1, 1, 0, '', '', '', 1362554427, 1, ''),
(542, 1, 10, 8, 'Praktičnost', '', '', 1362563709, 0, 'project'),
(543, 1, 10, 9, 'Praktičnost', '2', '', 1362563709, 2, 'project'),
(544, 1, 1, 13, '', '', '', 1362564929, 0, 'userdata'),
(545, 1, 1, 13, '', '', '', 1362564933, 0, 'userdata'),
(546, 1, 1, 1, '', '', '', 1362564981, 1, ''),
(547, 2, 2, 0, '', '', '', 1362564990, 1, ''),
(548, 2, 2, 1, '', '', '', 1362565548, 1, ''),
(549, 2, 2, 0, '', '', '', 1362565576, 1, ''),
(550, 1, 1, 0, '', '', '', 1362566756, 1, ''),
(551, 1, 2, 13, '', '', '', 1362566771, 0, 'userdata'),
(552, 1, 2, 1, '', '', '', 1362566777, 1, ''),
(553, 1, 2, 13, '', '', '', 1362566795, 0, 'userdata'),
(554, 2, 2, 0, '', '', '', 1362566806, 1, ''),
(555, 2, 2, 1, '', '', '', 1362566823, 1, ''),
(556, 1, 1, 0, '', '', '', 1362566830, 1, ''),
(557, 1, 1, 1, '', '', '', 1362566898, 1, ''),
(558, 2, 2, 0, '', '', '', 1362566905, 1, ''),
(559, 2, 2, 1, '', '', '', 1362566909, 1, ''),
(560, 1, 1, 0, '', '', '', 1362566914, 1, ''),
(561, 1, 1, 1, '', '', '', 1362657082, 1, ''),
(562, 1, 1, 0, '', '', '', 1362657089, 1, ''),
(563, 1, 1, 0, '', '', '', 1362747690, 1, ''),
(564, 1, 23, 5, 'Mil Dragić', '', '', 1362753715, 0, 'client'),
(565, 1, 24, 2, 'f ', '', '', 1362753734, 0, 'client'),
(566, 1, 1, 0, '', '', '', 1362986580, 1, ''),
(567, 1, 1, 1, '', '', '', 1362986584, 1, ''),
(568, 1, 1, 0, '', '', '', 1362986770, 1, ''),
(569, 1, 0, 11, 'Custom objava!\r\n', '', '', 1362986785, 3, ''),
(570, 1, 35, 8, 'Test', '', '', 1362991005, 0, 'project'),
(571, 1, 35, 8, 'Test', '', '', 1362991804, 0, 'project'),
(572, 1, 35, 8, 'Test', '', '', 1362991817, 0, 'project'),
(573, 1, 1, 5, ' ', '', '', 1362992130, 0, 'client'),
(574, 1, 1, 5, 'Futuro :)', '', '', 1362992349, 0, 'client'),
(575, 1, 36, 6, 'test', '', '', 1362992752, 0, 'project'),
(576, 1, 36, 9, 'test', '1', '', 1362992753, 2, 'project'),
(577, 1, 23, 5, 'Mil', '', '', 1362998933, 0, 'client'),
(578, 1, 24, 5, 'f', '', '', 1362998946, 0, 'client'),
(579, 1, 24, 5, 'f', '', '', 1362998952, 0, 'client'),
(580, 1, 24, 5, 'f', '', '', 1362998956, 0, 'client'),
(581, 1, 24, 5, 'f', '', '', 1362998963, 0, 'client'),
(582, 1, 25, 2, 'test', '', '', 1362998973, 0, 'client'),
(583, 1, 1, 9, 'Array', '1', '', 1363010748, 2, 'project'),
(584, 1, 1, 9, 'Array', '3', '', 1363012293, 2, 'project'),
(585, 1, 1, 0, '', '', '', 1363073355, 1, ''),
(586, 1, 1, 1, '', '', '', 1363078062, 1, ''),
(587, 1, 1, 0, '', '', '', 1363078066, 1, ''),
(588, 1, 0, 11, 'Nova Objava', '', '', 1363088378, 3, ''),
(589, 1, 0, 11, 'tsttes', '', '', 1363089178, 3, ''),
(590, 1, 0, 11, 'tsttes', '', '', 1363089204, 3, ''),
(591, 1, 0, 11, 'tsttes', '', '', 1363089462, 3, ''),
(592, 1, 0, 11, 'tsttes', '', '', 1363089552, 3, ''),
(593, 1, 0, 11, 'tsttes', '', '', 1363089579, 3, ''),
(594, 1, 0, 11, 'tsttes', '', '', 1363089611, 3, ''),
(595, 1, 0, 11, 'tsttes', '', '', 1363089779, 3, ''),
(596, 1, 0, 11, 'tsttes', '', '', 1363089797, 3, ''),
(597, 1, 0, 11, 'tsttes', '', '', 1363089818, 3, ''),
(598, 1, 0, 11, 'tsttes', '', '', 1363089827, 3, ''),
(599, 1, 0, 11, 'tsttes', '', '', 1363089894, 3, ''),
(600, 1, 0, 11, 'tsttes', '', '', 1363089909, 3, ''),
(601, 1, 0, 11, 'dfsaasdf', '', '', 1363089990, 3, ''),
(602, 1, 0, 11, 'dfsaasdf', '', '', 1363089995, 3, ''),
(603, 1, 24, 3, 'f', '', '', 1363096046, 0, 'client'),
(604, 1, 21, 3, 'Klijent', '', '', 1363096050, 0, 'client'),
(605, 1, 1, 1, '', '', '', 1363096151, 1, ''),
(606, 1, 1, 0, '', '', '', 1363096233, 1, ''),
(607, 1, 1, 0, '', '', '', 1363179000, 1, ''),
(608, 1, 1, 1, '', '', '', 1363179003, 1, ''),
(609, 1, 1, 0, '', '', '', 1363179053, 1, ''),
(610, 1, 1, 1, '', '', '', 1363182662, 1, ''),
(611, 1, 1, 0, '', '', '', 1363182666, 1, ''),
(612, 1, 1, 0, '', '', '', 1363246096, 1, ''),
(613, 1, 36, 8, 'test', '', '', 1363269448, 0, 'project'),
(614, 1, 36, 9, 'test', '2', '', 1363269448, 2, 'project'),
(615, 1, 25, 5, 'test', '', '', 1363269628, 0, 'client'),
(616, 1, 1, 0, '', '', '', 1363330464, 1, ''),
(617, 1, 1, 0, '', '', '', 1363591732, 1, ''),
(618, 1, 1, 0, '', '', '', 1363693254, 1, ''),
(619, 1, 1, 0, '', '', '', 1363768870, 1, ''),
(620, 1, 1, 0, '', '', '', 1363858834, 1, ''),
(621, 1, 1, 5, 'Futuro :)', '', '', 1363867887, 0, 'client'),
(622, 1, 1, 0, '', '', '', 1363935911, 1, ''),
(623, 1, 1, 0, '', '', '', 1363936143, 1, ''),
(624, 1, 1, 0, '', '', '', 1364292592, 1, ''),
(625, 1, 0, 11, 'Testna objava, steri.', '', '', 1364293102, 3, ''),
(626, 1, 25, 3, 'test', '', '', 1364293160, 0, 'client'),
(627, 1, 1, 0, '', '', '', 1364366859, 1, ''),
(628, 1, 1, 5, 'Futuro :)', '', '', 1364367377, 0, 'client'),
(629, 1, 1, 5, 'Futuro :)', '', '', 1364367627, 0, 'client'),
(630, 1, 23, 5, 'Mil', '', '', 1364369823, 0, 'client'),
(631, 1, 23, 5, 'Mil', '', '', 1364370065, 0, 'client'),
(632, 1, 1, 5, 'Futuro :)', '', '', 1364370348, 0, 'client'),
(633, 1, 1, 5, 'Futuro :)', '', '', 1364370360, 0, 'client'),
(634, 1, 20, 5, 'Klijent', '', '', 1364370460, 0, 'client'),
(635, 1, 23, 5, 'Mil', '', '', 1364370511, 0, 'client'),
(636, 1, 1, 5, 'Futuro :)', '', '', 1364370532, 0, 'client'),
(637, 1, 20, 5, 'Klijent', '', '', 1364370546, 0, 'client'),
(638, 1, 23, 5, 'Mil', '', '', 1364370572, 0, 'client'),
(639, 1, 23, 5, 'Mil', '', '', 1364370593, 0, 'client'),
(640, 1, 20, 5, 'Klijent', '', '', 1364370654, 0, 'client'),
(641, 1, 23, 5, 'Mil', '', '', 1364370666, 0, 'client'),
(642, 1, 23, 5, 'Mil', '', '', 1364370676, 0, 'client'),
(643, 1, 23, 5, 'Mil', '', '', 1364370804, 0, 'client'),
(644, 1, 23, 5, 'Mil', '', '', 1364370807, 0, 'client'),
(645, 1, 20, 5, 'Klijent', '', '', 1364372221, 0, 'client'),
(646, 1, 20, 5, 'Klijent', '', '', 1364372226, 0, 'client'),
(647, 1, 23, 5, 'Mil', '', '', 1364372259, 0, 'client'),
(648, 1, 23, 5, 'Mil', '', '', 1364372316, 0, 'client'),
(649, 1, 23, 5, 'Mil', '', '', 1364372349, 0, 'client'),
(650, 1, 23, 5, 'Mil', '', '', 1364372367, 0, 'client'),
(651, 1, 23, 5, 'Milina', '', '', 1364372373, 0, 'client'),
(652, 1, 23, 5, 'miiile', '', '', 1364372382, 0, 'client'),
(653, 1, 23, 5, 'miiilen', '', '', 1364372391, 0, 'client'),
(654, 1, 1, 3, 'Futuro :)', '', '', 1364374413, 0, 'client'),
(655, 1, 1, 3, '', '', '', 1364374416, 0, 'client'),
(656, 1, 1, 3, '', '', '', 1364374416, 0, 'client'),
(657, 1, 36, 8, 'test', '', '', 1364376139, 0, 'project'),
(658, 1, 36, 8, 'test', '', '', 1364376156, 0, 'project'),
(659, 1, 33, 8, 'f', '', '', 1364377221, 0, 'project'),
(660, 1, 1, 1, '', '', '', 1364391084, 1, ''),
(661, 1, 1, 0, '', '', '', 1364391150, 1, ''),
(662, 1, 1, 0, '', '', '', 1364454031, 1, ''),
(663, 1, 1, 13, '', '', '', 1364454399, 0, 'userdata'),
(664, 1, 1, 0, '', '', '', 1364541621, 1, ''),
(665, 1, 1, 0, '', '', '', 1364565057, 1, ''),
(666, 1, 37, 6, 'Novi Projekts', '', '', 1364565819, 0, 'project'),
(667, 1, 37, 9, 'Novi Projekts', '1', '', 1364565819, 2, 'project'),
(668, 1, 37, 9, 'Novi Projekts', '3', '', 1364565819, 2, 'project'),
(669, 1, 1, 0, '', '', '', 1364981054, 1, ''),
(670, 1, 1, 0, '', '', '', 1365478418, 1, ''),
(671, 1, 37, 8, 'Novi Projekts', '', '', 1365488077, 0, 'project'),
(672, 1, 1, 0, '', '', '', 1365568501, 1, ''),
(673, 1, 37, 8, 'Novi Projekts', '', '', 1365569423, 0, 'project'),
(674, 1, 37, 10, 'Novi Projekts', '1', '', 1365569423, 2, 'project'),
(675, 1, 37, 10, 'Novi Projekts', '3', '', 1365569423, 2, 'project'),
(676, 1, 37, 8, 'Novi Projekts', '', '', 1365569466, 0, 'project'),
(677, 1, 37, 10, 'Novi Projekts', '1', '', 1365569466, 2, 'project'),
(678, 1, 37, 10, 'Novi Projekts', '3', '', 1365569466, 2, 'project'),
(679, 1, 37, 8, 'Novi Projekts', '', '', 1365569674, 0, 'project'),
(680, 1, 37, 10, 'Novi Projekts', '1', '', 1365569674, 2, 'project'),
(681, 1, 37, 10, 'Novi Projekts', '3', '', 1365569674, 2, 'project'),
(682, 1, 37, 8, 'Novi Projekts', '', '', 1365569691, 0, 'project'),
(683, 1, 37, 10, 'Novi Projekts', '1', '', 1365569691, 2, 'project'),
(684, 1, 37, 10, 'Novi Projekts', '3', '', 1365569691, 2, 'project'),
(685, 1, 37, 8, 'Novi Projekts', '', '', 1365569751, 0, 'project'),
(686, 1, 37, 8, 'Novi Projekts', '', '', 1365569774, 0, 'project'),
(687, 1, 37, 8, 'Novi Projekts', '', '', 1365569825, 0, 'project'),
(688, 1, 37, 10, 'Novi Projekts', '1', '', 1365569825, 2, 'project'),
(689, 1, 37, 10, 'Novi Projekts', '3', '', 1365569825, 2, 'project'),
(690, 1, 37, 8, 'Novi Projekts', '', '', 1365569837, 0, 'project'),
(691, 1, 37, 10, 'Novi Projekts', '1', '', 1365569837, 2, 'project'),
(692, 1, 37, 10, 'Novi Projekts', '3', '', 1365569837, 2, 'project'),
(693, 1, 37, 8, 'Novi Projekts', '', '', 1365569844, 0, 'project'),
(694, 1, 37, 10, 'Novi Projekts', '1', '', 1365569844, 2, 'project'),
(695, 1, 37, 10, 'Novi Projekts', '3', '', 1365569844, 2, 'project'),
(696, 1, 37, 8, 'Novi Projekts', '', '', 1365569856, 0, 'project'),
(697, 1, 37, 10, 'Novi Projekts', '1', '', 1365569856, 2, 'project'),
(698, 1, 37, 10, 'Novi Projekts', '3', '', 1365569856, 2, 'project'),
(699, 1, 37, 8, 'Novi Projekts', '', '', 1365569870, 0, 'project'),
(700, 1, 37, 8, 'Novi Projekts', '', '', 1365569880, 0, 'project'),
(701, 1, 37, 10, 'Novi Projekts', '1', '', 1365569880, 2, 'project'),
(702, 1, 37, 10, 'Novi Projekts', '3', '', 1365569880, 2, 'project'),
(703, 1, 37, 8, 'Novi Projekts', '', '', 1365570137, 0, 'project'),
(704, 1, 37, 8, 'Novi Projekts', '', '', 1365570153, 0, 'project'),
(705, 1, 37, 8, 'Novi Projekts', '', '', 1365570159, 0, 'project'),
(706, 1, 37, 10, 'Novi Projekts', '1', '', 1365570159, 2, 'project'),
(707, 1, 37, 10, 'Novi Projekts', '3', '', 1365570159, 2, 'project'),
(708, 1, 37, 8, 'Novi Projekts', '', '', 1365570191, 0, 'project'),
(709, 1, 37, 10, 'Novi Projekts', '1', '', 1365570191, 2, 'project'),
(710, 1, 37, 10, 'Novi Projekts', '3', '', 1365570191, 2, 'project'),
(711, 1, 37, 8, 'Novi Projekts', '', '', 1365570230, 0, 'project'),
(712, 1, 37, 10, 'Novi Projekts', '1', '', 1365570230, 2, 'project'),
(713, 1, 37, 10, 'Novi Projekts', '3', '', 1365570230, 2, 'project'),
(714, 1, 37, 8, 'Novi Projekts', '', '', 1365570238, 0, 'project'),
(715, 1, 37, 10, 'Novi Projekts', '1', '', 1365570238, 2, 'project'),
(716, 1, 37, 10, 'Novi Projekts', '3', '', 1365570238, 2, 'project'),
(717, 1, 37, 8, 'Novi Projekts', '', '', 1365570273, 0, 'project'),
(718, 1, 37, 8, 'Novi Projekts', '', '', 1365570287, 0, 'project'),
(719, 1, 37, 10, 'Novi Projekts', '1', '', 1365570287, 2, 'project'),
(720, 1, 37, 10, 'Novi Projekts', '3', '', 1365570287, 2, 'project'),
(721, 1, 37, 8, 'Novi Projekts', '', '', 1365570292, 0, 'project'),
(722, 1, 37, 10, 'Novi Projekts', '1', '', 1365570292, 2, 'project'),
(723, 1, 37, 10, 'Novi Projekts', '3', '', 1365570292, 2, 'project'),
(724, 1, 37, 8, 'Novi Projekts', '', '', 1365570441, 0, 'project'),
(725, 1, 37, 10, 'Novi Projekts', '1', '', 1365570441, 2, 'project'),
(726, 1, 37, 10, 'Novi Projekts', '3', '', 1365570441, 2, 'project'),
(727, 1, 37, 8, 'Novi Projekts', '', '', 1365570466, 0, 'project'),
(728, 1, 37, 10, 'Novi Projekts', '1', '', 1365570466, 2, 'project'),
(729, 1, 37, 10, 'Novi Projekts', '3', '', 1365570466, 2, 'project'),
(730, 1, 37, 8, 'Novi Projekts', '', '', 1365570473, 0, 'project'),
(731, 1, 37, 8, 'Novi Projekts', '', '', 1365570685, 0, 'project'),
(732, 1, 37, 8, 'Novi Projekts', '', '', 1365570771, 0, 'project'),
(733, 1, 37, 9, 'Novi Projekts', '3', '', 1365570771, 2, 'project'),
(734, 1, 37, 8, 'Novi Projekts', '', '', 1365570781, 0, 'project'),
(735, 1, 37, 10, 'Novi Projekts', '3', '', 1365570782, 2, 'project'),
(736, 1, 37, 8, 'Novi Projekts', '', '', 1365570790, 0, 'project'),
(737, 1, 37, 9, 'Novi Projekts', '3', '', 1365570790, 2, 'project'),
(738, 1, 37, 8, 'Novi Projekts', '', '', 1365570795, 0, 'project'),
(739, 1, 37, 10, 'Novi Projekts', '3', '', 1365570795, 2, 'project'),
(741, 1, 17, 14, '2', '', '', 1365764837, 2, 'task'),
(742, 1, 1, 1, '', '', '', 1365766471, 1, ''),
(743, 1, 1, 0, '', '', '', 1365766474, 1, ''),
(744, 1, 17, 15, '', '', '', 1365766536, 2, 'task'),
(745, 1, 17, 16, 'Test', '2', '', 1365768638, 2, 'task'),
(746, 1, 18, 14, '2', '', '', 1365770572, 2, 'task'),
(747, 1, 18, 15, '', '', '', 1365771378, 2, 'task'),
(748, 1, 16, 15, '', '', '', 1365771388, 2, 'task'),
(749, 1, 5, 15, '', '', '', 1365771397, 2, 'task'),
(750, 1, 5, 15, '', '', '', 1365771405, 2, 'task'),
(751, 1, 11, 15, '', '', '', 1365772531, 2, 'task'),
(752, 1, 5, 15, '', '', '', 1365772538, 2, 'task'),
(753, 1, 5, 15, '', '', '', 1365772547, 2, 'task'),
(754, 1, 1, 0, '', '', '', 1366000452, 1, ''),
(755, 1, 1, 1, '', '', '', 1366000458, 1, ''),
(756, 1, 1, 0, '', '', '', 1366000629, 1, ''),
(757, 1, 19, 14, '2', '', '', 1366001195, 2, 'task'),
(758, 1, 19, 15, '', '', '', 1366001966, 2, 'task'),
(759, 1, 20, 14, '2', '', '', 1366001984, 2, 'task'),
(760, 1, 21, 14, '2', '', '', 1366002208, 2, 'task'),
(761, 1, 22, 14, '2', '', '', 1366002224, 2, 'task'),
(762, 1, 23, 14, '2', '', '', 1366002226, 2, 'task'),
(763, 1, 24, 14, '2', '', '', 1366002227, 2, 'task'),
(764, 1, 25, 14, '2', '', '', 1366002310, 2, 'task'),
(765, 1, 26, 14, '2', '', '', 1366002313, 2, 'task'),
(766, 1, 27, 14, '2', '', '', 1366002362, 2, 'task'),
(767, 1, 28, 14, '2', '', '', 1366002376, 2, 'task'),
(768, 1, 29, 14, '2', '', '', 1366002505, 2, 'task'),
(769, 1, 30, 14, '2', '', '', 1366002506, 2, 'task'),
(770, 1, 31, 14, '2', '', '', 1366002525, 2, 'task'),
(771, 1, 31, 15, '', '', '', 1366002535, 2, 'task'),
(772, 1, 32, 14, '2', '', '', 1366002545, 2, 'task'),
(773, 1, 33, 14, '2', '', '', 1366002589, 2, 'task'),
(774, 1, 34, 14, '2', '', '', 1366002924, 2, 'task'),
(775, 1, 35, 14, '2', '', '', 1366002945, 2, 'task'),
(776, 1, 35, 15, '', '', '', 1366003294, 2, 'task'),
(777, 1, 34, 15, '', '', '', 1366003302, 2, 'task'),
(778, 1, 36, 14, '2', '', '', 1366004028, 2, 'task'),
(779, 1, 37, 14, '2', '', '', 1366004039, 2, 'task'),
(780, 1, 38, 14, '2', '', '', 1366004399, 2, 'task'),
(781, 1, 39, 14, '2', '', '', 1366004455, 2, 'task'),
(782, 1, 40, 14, '2', '', '', 1366004560, 2, 'task'),
(783, 1, 41, 14, '2', '', '', 1366004615, 2, 'task'),
(784, 1, 42, 14, '2', '', '', 1366004617, 2, 'task'),
(785, 1, 43, 14, '2', '', '', 1366004641, 2, 'task'),
(786, 1, 1, 15, '', '', '', 1366005226, 2, 'task'),
(787, 1, 1, 15, '', '', '', 1366005408, 2, 'task'),
(788, 1, 1, 15, '', '', '', 1366005420, 2, 'task'),
(789, 1, 1, 15, '', '', '', 1366005438, 2, 'task'),
(790, 1, 1, 15, '', '', '', 1366005456, 2, 'task'),
(791, 1, 43, 15, '', '', '', 1366005488, 2, 'task'),
(792, 1, 43, 15, '', '', '', 1366005665, 2, 'task'),
(793, 1, 44, 14, '2', '', '', 1366005730, 2, 'task'),
(794, 1, 45, 14, '2', '', '', 1366005756, 2, 'task'),
(795, 1, 46, 14, '2', '', '', 1366005765, 2, 'task'),
(796, 1, 47, 14, '2', '', '', 1366005778, 2, 'task'),
(797, 1, 48, 14, '2', '', '', 1366005787, 2, 'task'),
(798, 1, 49, 14, '2', '', '', 1366005789, 2, 'task'),
(799, 1, 50, 14, '2', '', '', 1366005791, 2, 'task'),
(800, 1, 51, 14, '2', '', '', 1366005793, 2, 'task'),
(801, 1, 52, 14, '2', '', '', 1366005807, 2, 'task'),
(802, 1, 53, 14, '2', '', '', 1366005819, 2, 'task'),
(803, 1, 54, 14, '2', '', '', 1366005824, 2, 'task'),
(804, 1, 55, 14, '2', '', '', 1366005840, 2, 'task'),
(805, 1, 56, 14, '2', '', '', 1366005843, 2, 'task'),
(806, 1, 57, 14, '2', '', '', 1366005872, 2, 'task'),
(807, 1, 57, 15, '', '', '', 1366005886, 2, 'task'),
(808, 1, 57, 15, '', '', '', 1366006253, 2, 'task'),
(809, 1, 57, 15, '', '', '', 1366006268, 2, 'task'),
(810, 1, 57, 15, '', '', '', 1366006284, 2, 'task'),
(811, 1, 57, 15, '', '', '', 1366006290, 2, 'task'),
(812, 1, 57, 15, '', '', '', 1366006294, 2, 'task'),
(813, 1, 57, 15, '', '', '', 1366006957, 2, 'task'),
(814, 1, 57, 15, '', '', '', 1366006962, 2, 'task'),
(815, 1, 57, 15, '', '', '', 1366006997, 2, 'task'),
(816, 1, 57, 15, '', '', '', 1366007056, 2, 'task'),
(817, 1, 57, 15, '', '', '', 1366007059, 2, 'task'),
(818, 1, 57, 15, '', '', '', 1366007066, 2, 'task'),
(819, 1, 57, 15, '', '', '', 1366007118, 2, 'task'),
(820, 1, 57, 15, '', '', '', 1366007124, 2, 'task'),
(821, 1, 57, 15, '', '', '', 1366007136, 2, 'task'),
(822, 1, 57, 15, '', '', '', 1366007150, 2, 'task'),
(823, 1, 57, 15, '', '', '', 1366007159, 2, 'task'),
(824, 1, 57, 15, '', '', '', 1366007180, 2, 'task'),
(825, 1, 57, 15, '', '', '', 1366010757, 2, 'task'),
(826, 1, 57, 15, '', '', '', 1366010761, 2, 'task'),
(827, 1, 57, 15, '', '', '', 1366010793, 2, 'task'),
(828, 1, 57, 15, '', '', '', 1366010795, 2, 'task'),
(829, 1, 57, 15, '', '', '', 1366010802, 2, 'task'),
(830, 1, 1, 15, '', '', '', 1366010900, 2, 'task'),
(831, 1, 57, 15, '', '', '', 1366028293, 2, 'task'),
(832, 1, 57, 15, '', '', '', 1366028297, 2, 'task'),
(833, 1, 57, 15, '', '', '', 1366028427, 2, 'task'),
(834, 1, 57, 15, '', '', '', 1366028534, 2, 'task'),
(835, 1, 57, 15, '', '', '', 1366028545, 2, 'task'),
(836, 1, 57, 15, '', '', '', 1366028546, 2, 'task'),
(837, 1, 57, 15, '', '', '', 1366028588, 2, 'task'),
(838, 1, 57, 15, '', '', '', 1366028599, 2, 'task'),
(839, 1, 57, 15, '', '', '', 1366028691, 2, 'task'),
(840, 1, 57, 15, '', '', '', 1366028697, 2, 'task'),
(841, 1, 57, 15, '', '', '', 1366028702, 2, 'task'),
(842, 1, 58, 14, '2', '', '', 1366028711, 2, 'task'),
(843, 1, 57, 15, '', '', '', 1366028715, 2, 'task'),
(844, 1, 59, 14, '2', '', '', 1366028718, 2, 'task'),
(845, 1, 60, 14, '2', '', '', 1366028741, 2, 'task'),
(846, 1, 61, 14, '2', '', '', 1366028744, 2, 'task'),
(847, 1, 61, 15, '', '', '', 1366031847, 2, 'task'),
(848, 1, 61, 15, '', '', '', 1366031858, 2, 'task'),
(849, 1, 61, 15, '', '', '', 1366031861, 2, 'task'),
(850, 1, 61, 15, '', '', '', 1366031888, 2, 'task'),
(851, 1, 61, 15, '', '', '', 1366031893, 2, 'task'),
(852, 1, 61, 15, '', '', '', 1366032131, 2, 'task'),
(853, 1, 61, 15, '', '', '', 1366032452, 2, 'task'),
(854, 1, 61, 15, '', '', '', 1366032511, 2, 'task'),
(855, 1, 61, 15, '', '', '', 1366032630, 2, 'task'),
(856, 1, 61, 15, '', '', '', 1366032814, 2, 'task'),
(857, 1, 61, 15, '', '', '', 1366032819, 2, 'task'),
(858, 1, 61, 15, '', '', '', 1366032831, 2, 'task'),
(859, 1, 61, 15, '', '', '', 1366032887, 2, 'task'),
(860, 1, 61, 15, '', '', '', 1366033698, 2, 'task'),
(861, 1, 61, 15, '', '', '', 1366033707, 2, 'task'),
(862, 1, 61, 15, '', '', '', 1366033719, 2, 'task'),
(863, 1, 61, 15, '', '', '', 1366034036, 2, 'task'),
(864, 1, 61, 15, '', '', '', 1366034052, 2, 'task'),
(865, 1, 61, 15, '', '', '', 1366034060, 2, 'task'),
(866, 1, 61, 15, '', '', '', 1366034074, 2, 'task'),
(867, 1, 61, 15, '', '', '', 1366034083, 2, 'task'),
(868, 1, 61, 15, '', '', '', 1366034350, 2, 'task'),
(869, 1, 61, 15, '', '', '', 1366034364, 2, 'task'),
(870, 1, 61, 15, '', '', '', 1366034379, 2, 'task'),
(871, 1, 61, 15, '', '', '', 1366034381, 2, 'task'),
(872, 1, 61, 15, '', '', '', 1366034383, 2, 'task'),
(873, 1, 61, 15, '', '', '', 1366034386, 2, 'task'),
(874, 1, 61, 15, '', '', '', 1366034586, 2, 'task'),
(875, 1, 1, 0, '', '', '', 1366085561, 1, ''),
(876, 1, 61, 15, '', '', '', 1366086625, 2, 'task'),
(877, 1, 61, 15, '', '', '', 1366086638, 2, 'task'),
(878, 1, 61, 15, '', '', '', 1366086701, 2, 'task'),
(879, 1, 61, 15, '', '', '', 1366086706, 2, 'task'),
(880, 1, 61, 15, '', '', '', 1366086743, 2, 'task'),
(881, 1, 61, 15, '', '', '', 1366086754, 2, 'task'),
(882, 1, 61, 15, '', '', '', 1366086980, 2, 'task'),
(883, 1, 61, 15, '', '', '', 1366086990, 2, 'task'),
(884, 1, 61, 15, '', '', '', 1366087631, 2, 'task'),
(885, 1, 61, 15, '', '', '', 1366087638, 2, 'task'),
(886, 1, 61, 15, '', '', '', 1366087644, 2, 'task'),
(887, 1, 61, 15, '', '', '', 1366087650, 2, 'task'),
(888, 1, 61, 15, '', '', '', 1366087653, 2, 'task'),
(889, 1, 61, 15, '', '', '', 1366087661, 2, 'task'),
(890, 1, 61, 15, '', '', '', 1366087668, 2, 'task'),
(891, 1, 61, 15, '', '', '', 1366087839, 2, 'task'),
(892, 1, 61, 15, '', '', '', 1366087852, 2, 'task'),
(893, 1, 61, 15, '', '', '', 1366087885, 2, 'task'),
(894, 1, 61, 15, '', '', '', 1366087989, 2, 'task'),
(895, 1, 61, 15, '', '', '', 1366088602, 2, 'task'),
(896, 1, 61, 15, '', '', '', 1366088622, 2, 'task'),
(897, 1, 61, 15, '', '', '', 1366089031, 2, 'task'),
(898, 1, 61, 15, '', '', '', 1366089091, 2, 'task'),
(899, 1, 61, 15, '', '', '', 1366089108, 2, 'task'),
(900, 1, 61, 15, '', '', '', 1366089171, 2, 'task'),
(901, 1, 61, 15, '', '', '', 1366089221, 2, 'task');
INSERT INTO `pos_log` (`newsid`, `actorid`, `subjectid`, `newscode`, `additional`, `additional2`, `additional3`, `time`, `actiontype`, `subjecttype`) VALUES
(902, 1, 61, 15, '', '', '', 1366089232, 2, 'task'),
(903, 1, 61, 15, '', '', '', 1366089242, 2, 'task'),
(904, 1, 61, 15, '', '', '', 1366089275, 2, 'task'),
(905, 1, 61, 15, '', '', '', 1366089278, 2, 'task'),
(906, 1, 61, 15, '', '', '', 1366089287, 2, 'task'),
(907, 1, 61, 15, '', '', '', 1366089369, 2, 'task'),
(908, 1, 61, 15, '', '', '', 1366089374, 2, 'task'),
(909, 1, 61, 15, '', '', '', 1366089381, 2, 'task'),
(910, 1, 61, 15, '', '', '', 1366089394, 2, 'task'),
(911, 1, 61, 15, '', '', '', 1366089399, 2, 'task'),
(912, 1, 61, 15, '', '', '', 1366089404, 2, 'task'),
(913, 1, 61, 15, '', '', '', 1366089412, 2, 'task'),
(914, 1, 61, 15, '', '', '', 1366089423, 2, 'task'),
(915, 1, 1, 0, '', '', '', 1366182956, 1, ''),
(916, 1, 61, 15, '', '', '', 1366183160, 2, 'task'),
(917, 1, 61, 15, '', '', '', 1366183165, 2, 'task'),
(918, 1, 61, 15, '', '', '', 1366183169, 2, 'task'),
(919, 1, 61, 15, '', '', '', 1366183177, 2, 'task'),
(920, 1, 61, 15, '', '', '', 1366184531, 2, 'task'),
(921, 1, 57, 15, '', '', '', 1366184537, 2, 'task'),
(922, 1, 58, 15, '', '', '', 1366184543, 2, 'task'),
(923, 1, 52, 15, '', '', '', 1366184552, 2, 'task'),
(924, 1, 1, 0, '', '', '', 1366279584, 1, ''),
(925, 1, 61, 15, '', '', '', 1366279799, 2, 'task'),
(926, 1, 61, 15, '', '', '', 1366279823, 2, 'task'),
(927, 1, 37, 8, 'Novi Projekts', '', '', 1366284028, 0, 'project'),
(928, 1, 37, 8, 'Novi Projekts', '', '', 1366284352, 0, 'project'),
(929, 1, 37, 8, 'Novi Projekts', '', '', 1366284360, 0, 'project'),
(930, 1, 37, 8, 'Novi Projekts', '', '', 1366284398, 0, 'project'),
(931, 1, 37, 8, 'Novi Projekts', '', '', 1366284497, 0, 'project'),
(932, 1, 37, 8, 'Novi Projekts', '', '', 1366285651, 0, 'project'),
(933, 1, 37, 8, 'Novi Projekts', '', '', 1366285663, 0, 'project');

-- --------------------------------------------------------

--
-- Table structure for table `pos_notification`
--

CREATE TABLE IF NOT EXISTS `pos_notification` (
  `notificationid` int(11) NOT NULL AUTO_INCREMENT,
  `viewed` tinyint(1) DEFAULT NULL,
  `subjectid` int(11) DEFAULT NULL,
  `subjecttype` int(11) DEFAULT NULL,
  `userid` int(11) DEFAULT NULL,
  `subjectuserid` int(11) DEFAULT NULL,
  `time` int(11) DEFAULT NULL,
  PRIMARY KEY (`notificationid`)
) ENGINE=InnoDB DEFAULT CHARSET=latin1 AUTO_INCREMENT=1 ;

-- --------------------------------------------------------

--
-- Table structure for table `pos_project`
--

CREATE TABLE IF NOT EXISTS `pos_project` (
  `projectid` int(11) NOT NULL AUTO_INCREMENT,
  `userid` int(11) NOT NULL,
  `clientid` int(11) DEFAULT NULL,
  `time` int(11) DEFAULT NULL,
  `status` tinyint(1) DEFAULT NULL COMMENT '0 = active, 1 = inactive/archive, 2 = inactive/done',
  `title` varchar(100) NOT NULL,
  `info` text NOT NULL,
  `type` int(11) NOT NULL,
  `domain` varchar(255) NOT NULL,
  PRIMARY KEY (`projectid`),
  FULLTEXT KEY `title` (`title`),
  FULLTEXT KEY `title_2` (`title`),
  FULLTEXT KEY `title_3` (`title`),
  FULLTEXT KEY `title_4` (`title`)
) ENGINE=MyISAM  DEFAULT CHARSET=utf8 AUTO_INCREMENT=38 ;

--
-- Dumping data for table `pos_project`
--

INSERT INTO `pos_project` (`projectid`, `userid`, `clientid`, `time`, `status`, `title`, `info`, `type`, `domain`) VALUES
(2, 1, 20, 1358424555, 0, 'JHTester', 'JHTester', 0, ''),
(3, 1, 20, 1358424114, 0, 'Kukljica', 'Test Project Info', 0, ''),
(5, 1, 20, 1358424114, 0, 'Čokolade Milka', 'Test Project Info', 0, ''),
(32, 1, 20, 1360829398, 0, 'Test', 'Test', 0, ''),
(7, 1, 20, 1358424114, 1, 'Petrić', 'Test Project Info', 0, ''),
(8, 1, 20, 1358424114, 1, 'Apartmani Težak', 'Test Project Info', 0, ''),
(9, 1, 20, 1358424114, 1, 'India Gnan', 'Test Project Info', 0, ''),
(10, 1, 20, 1358424114, 0, 'Praktičnost', 'Test Project Info', 0, ''),
(11, 1, 20, 1358424114, 0, 'Još Ideja', 'Test Project Info', 0, ''),
(12, 1, 20, 1358424114, 2, 'Test', 'Test Project Info', 0, ''),
(13, 1, 20, 1358424114, 1, 'Test', 'Test Project Info', 0, ''),
(15, 1, 20, 1359379451, 1, 'Novi Projekt', 'Opis Projekta', 0, ''),
(16, 1, 20, 1359380896, 0, 'asd', 'asdfasd', 0, ''),
(18, 1, 20, 1359380974, 0, 'asd', 'asdfasd', 0, ''),
(21, 1, 20, 1359383535, 2, 'test', 'test', 0, ''),
(24, 1, 20, 1359383626, 0, 'test''', 'test''', 0, ''),
(25, 1, 20, 1359383714, 2, 'test', 'test', 0, ''),
(33, 1, 20, 1361446881, 0, 'f', 'f', 0, ''),
(34, 1, 20, 1361448027, 0, 'f', 'f', 0, ''),
(35, 1, 20, 1361449294, 0, 'Test', 'Test\r\n\r\nhttp://www.facebook.com', 1, 'www.test.co'),
(36, 1, 20, 1362992752, 0, 'test', 'test', 1, 'test.com'),
(37, 1, 20, 1364565819, 0, 'Novi Projekts', 'test', 0, '');

-- --------------------------------------------------------

--
-- Table structure for table `pos_project_manager`
--

CREATE TABLE IF NOT EXISTS `pos_project_manager` (
  `projectid` int(11) NOT NULL,
  `userid` int(11) NOT NULL
) ENGINE=InnoDB DEFAULT CHARSET=utf8;

--
-- Dumping data for table `pos_project_manager`
--

INSERT INTO `pos_project_manager` (`projectid`, `userid`) VALUES
(26, 2),
(27, 1),
(28, 1),
(29, 1),
(30, 2),
(30, 1),
(31, 1),
(27, 2),
(32, 1),
(32, 2),
(24, 2),
(21, 2),
(15, 2),
(23, 2),
(2, 2),
(33, 1),
(34, 1),
(35, 1),
(16, 3),
(10, 2),
(36, 1),
(1, 1),
(0, 1),
(0, 1),
(0, 3),
(1, 3),
(36, 2),
(0, 3);

-- --------------------------------------------------------

--
-- Table structure for table `pos_task`
--

CREATE TABLE IF NOT EXISTS `pos_task` (
  `taskid` int(11) NOT NULL AUTO_INCREMENT,
  `projectid` int(11) DEFAULT NULL,
  `creatorid` int(11) NOT NULL,
  `description` text CHARACTER SET utf8,
  `publishtime` int(11) DEFAULT NULL,
  `deadline` int(11) DEFAULT NULL,
  `status` tinyint(1) DEFAULT NULL COMMENT '1 = active\\n0 = inactive',
  `priority` int(11) NOT NULL,
  `timespent` int(11) NOT NULL,
  `timefinished` int(11) NOT NULL,
  `parent` int(11) NOT NULL,
  `recieverid` int(11) NOT NULL,
  `ordertype` int(11) NOT NULL,
  `orderid` varchar(20) NOT NULL,
  PRIMARY KEY (`taskid`)
) ENGINE=InnoDB  DEFAULT CHARSET=latin1 AUTO_INCREMENT=62 ;

--
-- Dumping data for table `pos_task`
--

INSERT INTO `pos_task` (`taskid`, `projectid`, `creatorid`, `description`, `publishtime`, `deadline`, `status`, `priority`, `timespent`, `timefinished`, `parent`, `recieverid`, `ordertype`, `orderid`) VALUES
(1, 3, 1, 'Napraviti blog modul.', 1358848955, 1362524400, 1, 1, 0, 0, 0, 1, 0, ''),
(2, 2, 1, 'Dovršiti portfolio', 1358848955, 1362560900, 0, 0, 0, 1362570900, 0, 1, 0, ''),
(4, 2, 1, 'test', 1363010800, 1367144521, 1, 1, 0, 0, 0, 1, 0, ''),
(5, 2, 1, 'dsfasdfasdf', 1363012293, 1366754400, 1, 1, 0, 0, 0, 1, 1, ''),
(6, 2, 1, 'dsfasdfasdf', 1363012339, 1367144521, 1, 2, 0, 0, 0, 1, 0, ''),
(7, 2, 1, 'dsfasdfasdf', 1363012339, 1362956400, 1, 1, 0, 0, 0, 1, 0, ''),
(8, 2, 1, 'dsfasdfasdf', 1363012552, 1367144521, 1, 1, 0, 0, 0, 1, 0, ''),
(9, 2, 1, 'Test', 1364456574, 1364425200, 1, 1, 0, 0, 0, 1, 0, ''),
(10, 2, 1, 'Test', 1364984881, 1366408800, 1, 1, 0, 0, 0, 1, 0, ''),
(11, 32, 1, 'Test', 1364984965, 1366927200, 1, 1, 0, 0, 0, 3, 1, ''),
(15, 3, 1, 'AWESOME!', 1365484916, 1356994800, 1, 1, 0, 0, 0, 3, 1, ''),
(16, 2, 1, 'Testinggg', 1365764692, 1366840800, 1, 1, 0, 0, 0, 1, 0, ''),
(18, 2, 1, 'test', 1365770572, 1366149600, 1, 1, 0, 0, 0, 1, 0, ''),
(19, 2, 1, 'test', 1366001195, 1365976800, 1, 1, 0, 0, 0, 1, 0, ''),
(20, 2, 1, 'test', 1366001983, 1365976800, 1, 1, 0, 0, 0, 1, 0, ''),
(21, 2, 1, 'test', 1366002208, 1365976800, 1, 1, 0, 0, 0, 1, 0, ''),
(22, 2, 1, 'test', 1366002224, 1365976800, 1, 1, 0, 0, 0, 1, 0, ''),
(23, 2, 1, 'test', 1366002226, 1365976800, 1, 1, 0, 0, 0, 1, 0, ''),
(24, 2, 1, 'test', 1366002227, 1365976800, 1, 1, 0, 0, 0, 1, 0, ''),
(25, 2, 1, 'test', 1366002310, 1365976800, 1, 1, 0, 0, 0, 1, 0, ''),
(26, 2, 1, 'test', 1366002312, 1365976800, 1, 1, 0, 0, 0, 1, 0, ''),
(27, 2, 1, 'test', 1366002362, 1365976800, 1, 1, 0, 0, 0, 1, 0, ''),
(28, 2, 1, 'test', 1366002376, 1365976800, 1, 1, 0, 0, 0, 1, 0, ''),
(29, 2, 1, 'test', 1366002505, 1365976800, 1, 1, 0, 0, 0, 1, 0, ''),
(30, 2, 1, 'test', 1366002506, 1365976800, 1, 1, 0, 0, 0, 1, 0, ''),
(31, 2, 1, 'test', 1366002525, 1365976800, 1, 1, 0, 0, 0, 1, 0, ''),
(32, 2, 1, 'test', 1366002544, 1365976800, 1, 1, 0, 0, 0, 1, 0, ''),
(33, 2, 1, 'test', 1366002589, 1365976800, 1, 1, 0, 0, 0, 1, 0, ''),
(34, 2, 1, 'test', 1366002924, 1366063200, 1, 0, 0, 0, 0, 1, 0, ''),
(35, 2, 1, 'test', 1366002945, 1365976800, 1, 1, 0, 0, 0, 1, 0, ''),
(36, 2, 1, 'test', 1366004028, 1365976800, 1, 1, 0, 0, 0, 1, 0, ''),
(37, 2, 1, 'test', 1366004038, 1365976800, 1, 1, 0, 0, 0, 1, 0, ''),
(38, 2, 1, 'test', 1366004399, 1365976800, 1, 1, 0, 0, 0, 1, 0, ''),
(39, 2, 1, 'test', 1366004455, 1365976800, 1, 1, 0, 0, 0, 1, 0, ''),
(40, 2, 1, 'test', 1366004560, 1365976800, 1, 1, 0, 0, 0, 1, 0, ''),
(41, 2, 1, 'test', 1366004615, 1365976800, 1, 1, 0, 0, 0, 1, 0, ''),
(42, 2, 1, 'test', 1366004617, 1365976800, 1, 1, 0, 0, 0, 1, 0, ''),
(43, 2, 1, 'test', 1366004641, 1365976800, 1, 1, 0, 0, 0, 1, 1, ''),
(44, 2, 1, 'sdfasdf', 1366005730, 1365976800, 1, 1, 0, 0, 0, 1, 0, ''),
(45, 2, 1, 'sdfasdf', 1366005756, 1365976800, 1, 1, 0, 0, 0, 1, 0, ''),
(46, 2, 1, 'sdfasdf', 1366005765, 1365976800, 1, 1, 0, 0, 0, 1, 0, ''),
(47, 2, 1, 'sdfasdf', 1366005778, 1365976800, 1, 1, 0, 0, 0, 1, 0, ''),
(48, 2, 1, 'sdfasdf', 1366005787, 1365976800, 1, 1, 0, 0, 0, 1, 0, ''),
(49, 2, 1, 'sdfasdf', 1366005789, 1365976800, 1, 1, 0, 0, 0, 1, 0, ''),
(50, 2, 1, 'sdfasdf', 1366005791, 1365976800, 1, 1, 0, 0, 0, 1, 0, ''),
(51, 2, 1, 'sdfasdf', 1366005793, 1365976800, 1, 1, 0, 0, 0, 1, 0, ''),
(52, 2, 1, 'sdfasdf', 1366005806, 1367359200, 1, 1, 0, 0, 0, 1, 0, ''),
(53, 2, 1, 'sdfasdf', 1366005819, 1365976800, 1, 1, 0, 0, 0, 1, 0, ''),
(54, 2, 1, 'sdfasdf', 1366005824, 1365976800, 1, 1, 0, 0, 0, 1, 0, ''),
(55, 2, 1, 'sdfasdf', 1366005840, 1365976800, 1, 1, 0, 0, 0, 1, 0, ''),
(56, 2, 1, 'sdfasdf', 1366005843, 1365976800, 1, 1, 0, 0, 0, 1, 0, ''),
(57, 2, 1, 'sdfasdf', 1366005872, 1367359200, 1, 1, 0, 0, 0, 1, 0, ''),
(58, 2, 1, 'fdgdafgasd', 1366028711, 1366754400, 1, 1, 0, 0, 0, 1, 0, ''),
(59, 2, 1, 'fdgdafgasd', 1366028718, 1365976800, 1, 1, 0, 0, 0, 1, 0, ''),
(60, 2, 1, 'fdgdafgasd', 1366028741, 1365976800, 1, 1, 0, 0, 0, 1, 0, ''),
(61, 2, 1, 'fdgdafgasd', 1366028744, 1366668000, 1, 1, 0, 0, 0, 1, 0, '');

-- --------------------------------------------------------

--
-- Table structure for table `pos_task_assignment`
--

CREATE TABLE IF NOT EXISTS `pos_task_assignment` (
  `taskid` int(11) NOT NULL,
  `userid` int(11) DEFAULT NULL,
  `adminid` int(11) DEFAULT NULL COMMENT 'The admin who assigned the task to the user.',
  `time` int(11) DEFAULT NULL
) ENGINE=InnoDB DEFAULT CHARSET=latin1;

--
-- Dumping data for table `pos_task_assignment`
--

INSERT INTO `pos_task_assignment` (`taskid`, `userid`, `adminid`, `time`) VALUES
(2, 2, 1, 1362540121),
(61, 3, 1, 1366183177);

-- --------------------------------------------------------

--
-- Table structure for table `pos_user`
--

CREATE TABLE IF NOT EXISTS `pos_user` (
  `userid` int(11) NOT NULL AUTO_INCREMENT,
  `name` varchar(45) CHARACTER SET utf8 DEFAULT NULL,
  `lastname` varchar(45) CHARACTER SET utf8 DEFAULT NULL,
  `phone` varchar(100) CHARACTER SET utf8 DEFAULT NULL,
  `einfo` varchar(500) CHARACTER SET utf8 DEFAULT NULL,
  `level` smallint(6) DEFAULT NULL,
  `username` varchar(45) CHARACTER SET utf8 DEFAULT NULL,
  `pass` varchar(40) CHARACTER SET utf8 DEFAULT NULL,
  `lastlogin` int(11) NOT NULL,
  `status` tinyint(1) NOT NULL,
  `datejoined` int(11) NOT NULL,
  `role` varchar(100) NOT NULL,
  PRIMARY KEY (`userid`),
  UNIQUE KEY `username` (`username`),
  FULLTEXT KEY `lastname` (`lastname`),
  FULLTEXT KEY `name` (`name`),
  FULLTEXT KEY `lastname_2` (`lastname`),
  FULLTEXT KEY `name_2` (`name`)
) ENGINE=MyISAM  DEFAULT CHARSET=latin1 AUTO_INCREMENT=5 ;

--
-- Dumping data for table `pos_user`
--

INSERT INTO `pos_user` (`userid`, `name`, `lastname`, `phone`, `einfo`, `level`, `username`, `pass`, `lastlogin`, `status`, `datejoined`, `role`) VALUES
(1, 'Futuro', 'Admin', '+385 23 309 171', 'info@futuro.hr', 0, 'futuro', 'a5d5d38c3be30a8302f1235d8dbfe2438e0872b5', 1366279584, 1, 1329214355, 'Director, top admin'),
(2, 'Ivan', 'Ivković', '+385921436454', 'ivan@futuro.hr', 1, 'ivanivkovich', 'd97e261d0402108fb0bc0c4f212d63e555361829', 1362566905, 1, 1329204355, 'Developer'),
(3, 'Juraj', 'Hilje', 'dfagadfg', 'dfg', 1, 'juraj', 'daa24f3311dfe5d86df66fdec8b58d90641aa548', 1361526868, 1, 1361520581, 'Client side developer'),
(4, 'Korisnik', 'Korisnić', '', '', 2, 'korisnik', 'daa24f3311dfe5d86df66fdec8b58d90641aa548', 0, 1, 1361520985, 'Korisnik');

-- --------------------------------------------------------

--
-- Table structure for table `pos_user_group`
--

CREATE TABLE IF NOT EXISTS `pos_user_group` (
  `userid` int(11) DEFAULT NULL,
  `groupid` int(11) DEFAULT NULL
) ENGINE=InnoDB DEFAULT CHARSET=latin1;

-- --------------------------------------------------------

--
-- Table structure for table `pos_user_setting`
--

CREATE TABLE IF NOT EXISTS `pos_user_setting` (
  `userid` int(11) NOT NULL,
  `settingid` varchar(20) NOT NULL,
  `value` varchar(500) NOT NULL
) ENGINE=InnoDB DEFAULT CHARSET=latin1;

--
-- Dumping data for table `pos_user_setting`
--

INSERT INTO `pos_user_setting` (`userid`, `settingid`, `value`) VALUES
(1, 'lang', 'hr'),
(2, 'lang', 'hr'),
(3, 'lang', 'hr');

/*!40101 SET CHARACTER_SET_CLIENT=@OLD_CHARACTER_SET_CLIENT */;
/*!40101 SET CHARACTER_SET_RESULTS=@OLD_CHARACTER_SET_RESULTS */;
/*!40101 SET COLLATION_CONNECTION=@OLD_COLLATION_CONNECTION */;
